"name","schools"
"service_23","2445"
"service_34","1050"
"service_9","572"
"service_35","463"
"service_11","432"
"service_24","520"
"service_16","885"
"service_10","762"
"service_14","1369"
"service_32","1119"
"service_33","939"
"service_50","2387"
"service_6","12126"
"service_26","1295"
"service_43","1516"
"service_22","12219"
"service_12","165"
"service_28","285"
"service_29","428"
"service_17","3648"
"service_37","406"
"service_27","1760"
"service_39","114"
"service_36","1841"
"service_38","451"
"service_40","324"
"service_7","27"
"service_21","3549"
"service_18","1769"
"service_19","39"
"service_31","2196"
"service_15","775"
"service_25","1642"
"service_49","3515"
"service_5","10549"
"service_30","749"
"service_8","2525"
"service_13","247"
"service_4","6048"
"service_2","15"
"service_1","1"
"service_45","256"
"service_44","1045"
"service_48","779"
"service_42","669"
"service_47","4932"
"service_41","3167"
"service_46","1919"
"service_3","2346"
"installation_12","528"
"installation_9","1470"
"installation_10","1436"
"installation_7","1657"
"installation_16","723"
"installation_13","484"
"installation_2","1295"
"installation_22","1317"
"installation_14","1312"
"installation_8","594"
"installation_18","1778"
"installation_19","1688"
"installation_1","351"
"installation_3","213"
"installation_6","1327"
"installation_5","1287"
"installation_21","218"
"installation_4","656"
"installation_17","839"
"installation_11","1402"
"installation_20","1402"
"installation_15","1193"
"stage_6","10853"
"stage_1","22879"
"stage_2","14408"
"stage_3","7776"
"stage_4","4949"
"stage_5","4423"
"stage_9","9438"
"language_1","34721"
"language_2","34428"
"language_3","1415"
"language_4","123"
"language_5","494"
"language_6","25"
"language_7","6324"
"language_8","1556"
"language_9","2034"
"language_10","3697"
"language_12","4"
"language_13","31"
"language_14","20"
"language_15","18"
"language_17","2"
"language_18","2"
"language_19","3"
"language_21","3"
"language_22","1"
"language_25","1"
"language_27","1"
"platform_63","1"
"platform_8","286"
"platform_82","1"
"platform_72","1"
"platform_19","367"
"platform_47","4"
"platform_69","1"
"platform_77","1"
"platform_21","113"
"platform_56","3"
"platform_17","207"
"platform_10","182"
"platform_81","1"
"platform_15","24"
"platform_33","3"
"platform_13","17"
"platform_7","1119"
"platform_83","1"
"platform_5","42"
"platform_1","1042"
"platform_61","1"
"platform_57","2"
"platform_39","2"
"platform_54","1"
"platform_53","6"
"platform_55","1"
"platform_34","5"
"platform_41","1"
"platform_84","2"
"platform_85","1"
"platform_46","13"
"platform_18","1"
"platform_59","1"
"platform_60","1"
"platform_43","3"
"platform_44","4"
"platform_45","1"
"platform_42","2"
"platform_48","13"
"platform_67","1"
"platform_79","1"
"platform_32","561"
"platform_62","1"
"platform_38","1"
"platform_86","1"
"platform_80","1"
"platform_30","1"
"platform_66","1"
"platform_31","1"
"platform_68","13"
"platform_2","148"
"platform_9","5"
"platform_37","1"
"platform_65","2"
"platform_49","1"
"platform_35","90"
"platform_40","1"
"platform_12","9"
"platform_78","1"
"platform_16","119"
"platform_51","1"
"platform_64","1"
"platform_76","2"
"platform_75","1"
"platform_71","1"
"platform_6","194"
"platform_11","12"
"platform_52","49"
"platform_70","1"
"platform_3","633"
"platform_20","13"
"platform_58","1"
"platform_4","466"
"platform_50","1"
"activity_69","264"
"activity_42","425"
"activity_43","90"
"activity_41","682"
"activity_39","52"
"activity_44","712"
"activity_40","541"
"activity_68","138"
"activity_45","807"
"activity_67","333"
"activity_51","236"
"activity_47","925"
"activity_48","154"
"activity_50","397"
"activity_49","1287"
"activity_52","113"
"activity_53","403"
"activity_54","992"
"activity_34","848"
"activity_62","135"
"activity_37","1050"
"activity_63","386"
"activity_29","1119"
"activity_30","280"
"activity_66","25"
"activity_61","8"
"activity_28","1165"
"activity_58","224"
"activity_36","642"
"activity_64","97"
"activity_56","586"
"activity_57","359"
"activity_33","471"
"activity_32","191"
"activity_35","772"
"activity_71","50"
"activity_70","22"
"activity_31","288"
"activity_59","228"
"activity_65","11"
"activity_60","535"
"segregation_2","23"
"segregation_1","34653"
"segregation_4","29"
"segregation_3","29"
"religion_1","31745"
"religion_2","2989"
"type_1","402"
"type_3","42"
"type_4","160"
"type_6","56"
"type_7","66"
"type_9","255"
"type_10","44"
"type_12","1035"
"type_13","128"
"type_15","490"
"type_16","10"
"type_18","164"
"type_19","2413"
"type_21","336"
"type_22","46"
"type_24","6"
"type_25","19"
"type_27","18"
"type_28","26"
"type_30","3"
"type_31","23"
"type_33","42"
"type_35","21"
"type_36","30"
"type_38","33"
"type_39","8"
"type_41","34"
"type_42","12"
"type_45","138"
"type_46","66"
"type_48","182"
"type_49","1"
"type_51","2"
"type_52","4"
"type_54","1"
"type_55","9"
"type_57","32"
"type_58","36"
"type_60","12"
"type_66","1"
"type_67","2"
"type_70","5"
"type_72","1"
"type_74","159"
"type_75","39"
"type_77","57"
"type_80","353"
"type_81","202"
"type_83","1"
"type_86","90"
"type_87","53"
"type_89","281"
"type_90","17"
"type_92","306"
"type_93","4145"
"type_95","7"
"type_96","7"
"type_99","2"
"type_102","2"
"type_2","30"
"type_5","395"
"type_8","9018"
"type_11","543"
"type_14","6"
"type_17","1"
"type_20","3616"
"type_23","283"
"type_26","604"
"type_29","25"
"type_32","12"
"type_34","943"
"type_37","2086"
"type_40","95"
"type_44","6"
"type_47","134"
"type_50","14"
"type_56","131"
"type_59","2"
"type_71","1"
"type_73","1"
"type_79","2"
"type_85","732"
"type_88","17"
"type_91","3899"
"type_94","2"
"price_1","26411"
"price_2","507"
"price_3","7716"
"price_4","102"
"region_5","554"
"region_6","507"
"region_7","225"
"region_8","654"
"region_9","217"
"region_10","657"
"region_11","296"
"region_12","533"
"region_13","264"
"region_14","3982"
"region_15","1318"
"region_16","39"
"region_17","970"
"region_18","511"
"region_19","252"
"region_20","118"
"region_21","716"
"region_22","246"
"region_23","649"
"region_24","129"
"region_25","1759"
"region_26","89"
"region_27","701"
"region_28","170"
"region_29","550"
"region_30","2121"
"region_31","332"
"region_32","778"
"region_33","136"
"region_34","633"
"region_35","832"
"region_36","229"
"region_37","380"
"region_38","1137"
"region_39","713"
"region_40","605"
"region_41","132"
"region_42","543"
"region_43","709"
"region_44","3751"
"region_45","210"
"region_46","364"
"region_47","917"
"region_48","383"
"region_49","452"
"region_50","44"
"region_51","446"
"region_52","838"
"region_53","181"
"region_54","641"
"region_55","904"
"region_56","217"
"city_5","1"
"city_6","163"
"city_7","3"
"city_10","2"
"city_11","13"
"city_12","8"
"city_16","10"
"city_18","13"
"city_19","2"
"city_21","1"
"city_24","12"
"city_25","16"
"city_26","2"
"city_27","3"
"city_28","3"
"city_29","7"
"city_30","7"
"city_35","2"
"city_36","6"
"city_37","19"
"city_38","5"
"city_40","4"
"city_41","8"
"city_42","48"
"city_43","4"
"city_46","5"
"city_47","3"
"city_53","5"
"city_56","1"
"city_58","6"
"city_59","6"
"city_60","3"
"city_61","13"
"city_62","4"
"city_63","6"
"city_64","11"
"city_66","13"
"city_67","8"
"city_69","4"
"city_70","3"
"city_72","1"
"city_73","8"
"city_75","7"
"city_76","6"
"city_77","14"
"city_79","6"
"city_80","15"
"city_81","4"
"city_82","5"
"city_84","9"
"city_85","92"
"city_87","3"
"city_88","3"
"city_97","2"
"city_100","8"
"city_250","2"
"city_252","127"
"city_253","2"
"city_254","2"
"city_256","2"
"city_257","4"
"city_258","22"
"city_259","4"
"city_261","4"
"city_263","2"
"city_265","2"
"city_266","2"
"city_267","1"
"city_268","2"
"city_270","1"
"city_272","11"
"city_273","3"
"city_274","5"
"city_278","4"
"city_279","6"
"city_280","2"
"city_282","4"
"city_283","3"
"city_285","28"
"city_286","2"
"city_287","2"
"city_289","2"
"city_292","14"
"city_293","1"
"city_294","3"
"city_295","2"
"city_296","5"
"city_297","2"
"city_299","2"
"city_300","1"
"city_302","2"
"city_303","1"
"city_304","4"
"city_305","1"
"city_306","4"
"city_307","2"
"city_308","4"
"city_310","3"
"city_312","1"
"city_314","5"
"city_316","3"
"city_318","3"
"city_319","1"
"city_320","2"
"city_321","1"
"city_322","4"
"city_323","4"
"city_324","7"
"city_325","2"
"city_326","1"
"city_328","3"
"city_329","4"
"city_330","1"
"city_331","23"
"city_336","6"
"city_339","6"
"city_341","1"
"city_342","9"
"city_347","1"
"city_349","3"
"city_350","2"
"city_352","8"
"city_355","12"
"city_356","15"
"city_361","5"
"city_362","1"
"city_363","2"
"city_364","1"
"city_365","1"
"city_367","3"
"city_368","37"
"city_370","1"
"city_371","2"
"city_372","2"
"city_374","1"
"city_377","3"
"city_378","6"
"city_379","6"
"city_380","5"
"city_381","6"
"city_383","2"
"city_385","13"
"city_386","9"
"city_387","2"
"city_388","2"
"city_389","8"
"city_390","2"
"city_391","8"
"city_392","8"
"city_393","1"
"city_394","6"
"city_395","18"
"city_397","3"
"city_399","28"
"city_400","9"
"city_401","12"
"city_402","5"
"city_404","29"
"city_408","5"
"city_409","3"
"city_410","6"
"city_413","2"
"city_414","1"
"city_415","8"
"city_417","1"
"city_418","15"
"city_419","3"
"city_421","14"
"city_424","7"
"city_425","2"
"city_427","1"
"city_428","5"
"city_430","5"
"city_431","9"
"city_432","1"
"city_434","12"
"city_435","23"
"city_436","5"
"city_437","6"
"city_438","4"
"city_439","31"
"city_440","1"
"city_441","1"
"city_442","7"
"city_443","8"
"city_445","22"
"city_446","10"
"city_447","7"
"city_448","2"
"city_449","1"
"city_450","4"
"city_452","6"
"city_453","2"
"city_454","8"
"city_456","3"
"city_457","4"
"city_458","9"
"city_460","12"
"city_461","44"
"city_463","15"
"city_464","9"
"city_466","1"
"city_467","1"
"city_468","7"
"city_469","1"
"city_471","1"
"city_472","1"
"city_473","29"
"city_478","21"
"city_480","3"
"city_481","1"
"city_482","25"
"city_483","2"
"city_484","2"
"city_485","10"
"city_486","3"
"city_489","1"
"city_490","5"
"city_491","1"
"city_492","202"
"city_495","5"
"city_496","3"
"city_499","1"
"city_501","1"
"city_503","4"
"city_507","13"
"city_508","3"
"city_509","4"
"city_510","9"
"city_513","3"
"city_515","13"
"city_516","4"
"city_517","73"
"city_519","1"
"city_520","5"
"city_521","3"
"city_522","2"
"city_523","4"
"city_524","6"
"city_525","1"
"city_527","17"
"city_528","16"
"city_530","1"
"city_531","10"
"city_533","6"
"city_534","4"
"city_536","3"
"city_537","3"
"city_538","1"
"city_539","2"
"city_540","7"
"city_541","3"
"city_542","4"
"city_543","2"
"city_544","12"
"city_545","2"
"city_547","8"
"city_548","3"
"city_551","2"
"city_552","4"
"city_553","7"
"city_554","5"
"city_556","3"
"city_557","49"
"city_559","1"
"city_561","4"
"city_564","5"
"city_565","1"
"city_566","4"
"city_567","1"
"city_568","2"
"city_570","4"
"city_571","3"
"city_573","2"
"city_576","5"
"city_577","9"
"city_578","12"
"city_579","7"
"city_580","21"
"city_581","4"
"city_586","49"
"city_589","2"
"city_593","10"
"city_594","6"
"city_597","2"
"city_599","2"
"city_601","3"
"city_603","4"
"city_606","118"
"city_608","7"
"city_609","1"
"city_611","1"
"city_613","30"
"city_618","7"
"city_619","7"
"city_620","23"
"city_622","1"
"city_623","4"
"city_624","5"
"city_625","5"
"city_627","100"
"city_634","6"
"city_635","1"
"city_638","4"
"city_641","5"
"city_642","6"
"city_644","5"
"city_645","2"
"city_651","2"
"city_652","3"
"city_653","2"
"city_655","7"
"city_656","3"
"city_658","6"
"city_659","1"
"city_667","7"
"city_669","10"
"city_672","41"
"city_673","2"
"city_687","1"
"city_693","3"
"city_695","1"
"city_698","1"
"city_701","4"
"city_704","1"
"city_709","1"
"city_714","1"
"city_715","3"
"city_717","1"
"city_720","2"
"city_725","6"
"city_728","2"
"city_752","1"
"city_755","3"
"city_760","1"
"city_761","1"
"city_764","2"
"city_766","3"
"city_768","1"
"city_771","1"
"city_781","1"
"city_782","1"
"city_788","1"
"city_790","1"
"city_801","1"
"city_808","1"
"city_810","1"
"city_811","1"
"city_813","3"
"city_833","2"
"city_834","3"
"city_836","2"
"city_851","1"
"city_864","1"
"city_866","1"
"city_872","2"
"city_874","1"
"city_884","2"
"city_886","4"
"city_904","1"
"city_911","2"
"city_912","2"
"city_913","1"
"city_914","1"
"city_915","4"
"city_916","3"
"city_917","1"
"city_918","1"
"city_919","1"
"city_920","19"
"city_921","2"
"city_923","7"
"city_924","100"
"city_925","2"
"city_927","1"
"city_928","2"
"city_929","1"
"city_930","1"
"city_931","3"
"city_932","9"
"city_933","1"
"city_934","3"
"city_935","1"
"city_936","1"
"city_937","3"
"city_938","1"
"city_940","1"
"city_941","1"
"city_943","1"
"city_944","5"
"city_945","1"
"city_946","1"
"city_947","1"
"city_949","1"
"city_950","18"
"city_953","1"
"city_954","1"
"city_955","1"
"city_956","1"
"city_957","5"
"city_958","3"
"city_959","4"
"city_960","2"
"city_961","5"
"city_962","1"
"city_963","1"
"city_964","1"
"city_965","1"
"city_966","3"
"city_967","5"
"city_968","2"
"city_969","5"
"city_970","2"
"city_971","1"
"city_972","1"
"city_973","1"
"city_974","1"
"city_975","3"
"city_976","10"
"city_977","2"
"city_978","1"
"city_979","1"
"city_980","2"
"city_981","1"
"city_983","1"
"city_984","1"
"city_985","2"
"city_986","2"
"city_987","1"
"city_988","6"
"city_989","3"
"city_990","7"
"city_991","1"
"city_992","2"
"city_993","1"
"city_994","1"
"city_995","1"
"city_996","2"
"city_997","2"
"city_998","1"
"city_999","47"
"city_1000","1"
"city_1001","2"
"city_1002","1"
"city_1003","1"
"city_1004","15"
"city_1005","8"
"city_1006","1"
"city_1007","3"
"city_1008","1"
"city_1009","6"
"city_1010","1"
"city_1011","4"
"city_1012","1"
"city_1013","1"
"city_1014","1"
"city_1015","2"
"city_1016","4"
"city_1017","1"
"city_1018","1"
"city_1019","1"
"city_1020","1"
"city_1021","1"
"city_1022","4"
"city_1023","4"
"city_1027","3"
"city_1029","1"
"city_1030","1"
"city_1031","6"
"city_1032","4"
"city_1034","2"
"city_1035","2"
"city_1036","2"
"city_1037","3"
"city_1038","4"
"city_1039","4"
"city_1040","3"
"city_1041","1"
"city_1043","1"
"city_1044","2"
"city_1047","1"
"city_1048","1"
"city_1049","1"
"city_1050","2"
"city_1051","1"
"city_1052","1"
"city_1054","1"
"city_1055","1"
"city_1057","1"
"city_1059","4"
"city_1060","1"
"city_1061","1"
"city_1062","12"
"city_1063","1"
"city_1064","2"
"city_1065","2"
"city_1066","17"
"city_1067","4"
"city_1068","1"
"city_1069","1"
"city_1070","1"
"city_1071","14"
"city_1072","2"
"city_1073","3"
"city_1077","6"
"city_1078","3"
"city_1079","9"
"city_1080","2"
"city_1081","8"
"city_1082","1"
"city_1083","7"
"city_1085","8"
"city_1087","2"
"city_1088","13"
"city_1089","2"
"city_1090","8"
"city_1091","4"
"city_1092","20"
"city_1093","2"
"city_1094","1"
"city_1096","27"
"city_1097","7"
"city_1098","3"
"city_1099","5"
"city_1101","3"
"city_1103","9"
"city_1104","5"
"city_1106","1"
"city_1107","23"
"city_1109","1"
"city_1110","1"
"city_1111","11"
"city_1112","22"
"city_1113","2"
"city_1114","25"
"city_1117","2"
"city_1118","4"
"city_1119","203"
"city_1120","2"
"city_1122","10"
"city_1123","4"
"city_1124","1"
"city_1125","16"
"city_1126","2"
"city_1127","1"
"city_1128","5"
"city_1129","10"
"city_1130","4"
"city_1131","6"
"city_1133","5"
"city_1134","9"
"city_1135","5"
"city_1136","2"
"city_1137","2"
"city_1138","8"
"city_1139","3"
"city_1140","11"
"city_1141","4"
"city_1142","2"
"city_1145","8"
"city_1147","2"
"city_1148","10"
"city_1149","2"
"city_1150","9"
"city_1151","6"
"city_1153","7"
"city_1154","5"
"city_1155","2"
"city_1156","4"
"city_1158","127"
"city_1159","9"
"city_1160","3"
"city_1161","2"
"city_1162","21"
"city_1163","1033"
"city_1164","4"
"city_1166","15"
"city_1167","5"
"city_1168","1"
"city_1170","5"
"city_1171","5"
"city_1172","4"
"city_1173","2"
"city_1175","12"
"city_1176","11"
"city_1177","3"
"city_1178","3"
"city_1180","1"
"city_1181","9"
"city_1183","2"
"city_1184","3"
"city_1185","7"
"city_1187","17"
"city_1188","6"
"city_1189","2"
"city_1190","2"
"city_1194","23"
"city_1196","10"
"city_1197","1"
"city_1198","34"
"city_1199","2"
"city_1200","1"
"city_1201","2"
"city_1202","2"
"city_1203","1"
"city_1204","1"
"city_1205","3"
"city_1206","2"
"city_1207","1"
"city_1208","7"
"city_1209","2"
"city_1210","42"
"city_1211","5"
"city_1212","4"
"city_1213","1"
"city_1215","11"
"city_1216","41"
"city_1217","8"
"city_1218","3"
"city_1219","3"
"city_1221","16"
"city_1222","3"
"city_1223","2"
"city_1224","3"
"city_1225","34"
"city_1226","2"
"city_1227","2"
"city_1228","13"
"city_1229","33"
"city_1233","2"
"city_1235","2"
"city_1236","2"
"city_1237","2"
"city_1240","31"
"city_1241","6"
"city_1242","7"
"city_1245","54"
"city_1246","2"
"city_1247","3"
"city_1248","4"
"city_1251","30"
"city_1255","11"
"city_1256","2"
"city_1257","2"
"city_1258","9"
"city_1260","3"
"city_1261","2"
"city_1262","1"
"city_1263","11"
"city_1265","3"
"city_1270","4"
"city_1271","7"
"city_1273","8"
"city_1275","15"
"city_1276","51"
"city_1277","1"
"city_1278","19"
"city_1279","3"
"city_1280","6"
"city_1281","8"
"city_1282","77"
"city_1283","5"
"city_1284","3"
"city_1285","19"
"city_1286","34"
"city_1287","2"
"city_1288","3"
"city_1289","20"
"city_1291","3"
"city_1292","10"
"city_1293","2"
"city_1296","7"
"city_1297","12"
"city_1299","3"
"city_1300","1"
"city_1301","4"
"city_1302","5"
"city_1303","3"
"city_1304","2"
"city_1305","4"
"city_1306","2"
"city_1307","17"
"city_1308","2"
"city_1309","2"
"city_1310","2"
"city_1311","1"
"city_1312","1"
"city_1314","2"
"city_1315","4"
"city_1316","9"
"city_1317","10"
"city_1319","3"
"city_1320","10"
"city_1321","17"
"city_1322","8"
"city_1323","1"
"city_1324","6"
"city_1326","21"
"city_1327","5"
"city_1328","2"
"city_1332","2"
"city_1333","23"
"city_1334","5"
"city_1335","40"
"city_1337","1"
"city_1338","138"
"city_1341","7"
"city_1342","20"
"city_1344","17"
"city_1345","8"
"city_1346","2"
"city_1348","44"
"city_1349","2"
"city_1350","2"
"city_1351","12"
"city_1352","2"
"city_1353","66"
"city_1355","3"
"city_1356","7"
"city_1357","4"
"city_1358","26"
"city_1360","4"
"city_1361","6"
"city_1362","3"
"city_1363","1"
"city_1365","10"
"city_1366","19"
"city_1367","1"
"city_1368","4"
"city_1369","14"
"city_1371","1"
"city_1373","2"
"city_1374","3"
"city_1375","3"
"city_1377","2"
"city_1378","18"
"city_1379","4"
"city_1380","2"
"city_1381","4"
"city_1383","4"
"city_1384","4"
"city_1385","3"
"city_1386","14"
"city_1390","1"
"city_1391","8"
"city_1392","5"
"city_1393","1"
"city_1394","20"
"city_1396","5"
"city_1397","58"
"city_1398","2"
"city_1399","2"
"city_1401","2"
"city_1402","7"
"city_1403","5"
"city_1406","3"
"city_1409","10"
"city_1410","16"
"city_1411","4"
"city_1412","8"
"city_1413","4"
"city_1414","2"
"city_1415","15"
"city_1419","6"
"city_1422","7"
"city_1425","4"
"city_1426","132"
"city_1427","6"
"city_1428","8"
"city_1429","11"
"city_1430","12"
"city_1432","2"
"city_1433","4"
"city_1434","2"
"city_1435","8"
"city_1437","1"
"city_1438","3"
"city_1440","2"
"city_1442","34"
"city_1443","1"
"city_1444","36"
"city_1445","6"
"city_1446","31"
"city_1447","2"
"city_1448","1"
"city_1449","6"
"city_1450","4"
"city_1451","45"
"city_1452","5"
"city_1453","16"
"city_1454","2"
"city_1461","1"
"city_1464","2"
"city_1469","24"
"city_1474","1"
"city_1492","2"
"city_1498","6"
"city_1501","84"
"city_1506","1"
"city_1526","2"
"city_1528","1"
"city_1543","1"
"city_1549","2"
"city_1559","1"
"city_1566","1"
"city_1570","1"
"city_1587","2"
"city_1602","3"
"city_1609","4"
"city_1624","4"
"city_1625","2"
"city_1632","1"
"city_1633","18"
"city_1648","1"
"city_1654","1"
"city_1658","1"
"city_1659","1"
"city_1666","2"
"city_1676","1"
"city_1680","2"
"city_1685","2"
"city_1706","4"
"city_1713","3"
"city_1728","2"
"city_1737","1"
"city_1740","2"
"city_1745","1"
"city_1755","1"
"city_1758","1"
"city_1770","3"
"city_1772","1"
"city_1784","4"
"city_1791","1"
"city_1794","1"
"city_1797","1"
"city_1822","1"
"city_1831","1"
"city_1832","1"
"city_1834","1"
"city_1836","3"
"city_1838","3"
"city_1841","1"
"city_1842","1"
"city_1845","2"
"city_1846","1"
"city_1847","1"
"city_1848","1"
"city_1849","5"
"city_1850","1"
"city_1852","1"
"city_1858","1"
"city_1860","2"
"city_1863","2"
"city_1865","66"
"city_1868","1"
"city_1869","3"
"city_1871","1"
"city_1872","1"
"city_1873","2"
"city_1875","1"
"city_1877","4"
"city_1878","1"
"city_1881","1"
"city_1882","1"
"city_1884","1"
"city_1886","1"
"city_1887","1"
"city_1888","2"
"city_1889","2"
"city_1891","1"
"city_1892","1"
"city_1895","12"
"city_1896","1"
"city_1897","1"
"city_1900","2"
"city_1901","1"
"city_1902","1"
"city_1903","1"
"city_1904","3"
"city_1905","1"
"city_1906","1"
"city_1909","3"
"city_1911","1"
"city_1912","3"
"city_1916","1"
"city_1921","4"
"city_1924","1"
"city_1925","4"
"city_1926","1"
"city_1927","1"
"city_1929","6"
"city_1930","3"
"city_1932","1"
"city_1933","1"
"city_1936","2"
"city_1938","3"
"city_1939","4"
"city_1940","1"
"city_1941","2"
"city_1942","4"
"city_1943","1"
"city_1944","7"
"city_1945","3"
"city_1946","1"
"city_1947","1"
"city_1950","6"
"city_1952","1"
"city_1953","1"
"city_1955","3"
"city_1956","3"
"city_1957","7"
"city_1958","1"
"city_1959","4"
"city_1960","14"
"city_1961","1"
"city_1962","1"
"city_1964","3"
"city_1965","1"
"city_1966","1"
"city_1969","1"
"city_1971","1"
"city_1973","1"
"city_1974","1"
"city_1975","2"
"city_1976","32"
"city_1978","1"
"city_1979","1"
"city_1980","1"
"city_1983","1"
"city_1985","1"
"city_1989","2"
"city_1991","1"
"city_1993","1"
"city_1998","1"
"city_2001","1"
"city_2002","1"
"city_2004","2"
"city_2006","1"
"city_2007","2"
"city_2008","1"
"city_2009","5"
"city_2010","1"
"city_2012","1"
"city_2015","1"
"city_2016","1"
"city_2017","1"
"city_2018","3"
"city_2021","1"
"city_2023","8"
"city_2026","1"
"city_2029","1"
"city_2030","1"
"city_2031","4"
"city_2032","2"
"city_2033","2"
"city_2034","1"
"city_2038","1"
"city_2040","2"
"city_2042","2"
"city_2044","2"
"city_2046","1"
"city_2047","1"
"city_2049","7"
"city_2050","5"
"city_2051","3"
"city_2052","77"
"city_2053","8"
"city_2054","25"
"city_2055","12"
"city_2056","5"
"city_2057","2"
"city_2058","8"
"city_2059","77"
"city_2060","4"
"city_2061","62"
"city_2062","13"
"city_2063","18"
"city_2064","3"
"city_2065","3"
"city_2066","60"
"city_2067","4"
"city_2068","5"
"city_2069","138"
"city_2070","11"
"city_2071","33"
"city_2072","15"
"city_2073","12"
"city_2074","7"
"city_2075","5"
"city_2076","7"
"city_2077","25"
"city_2078","6"
"city_2079","23"
"city_2080","74"
"city_2081","16"
"city_2082","25"
"city_2083","48"
"city_2084","4"
"city_2085","9"
"city_2086","3"
"city_2087","8"
"city_2088","12"
"city_2089","9"
"city_2090","2"
"city_2091","10"
"city_2092","4"
"city_2095","2"
"city_2098","1"
"city_2101","3"
"city_2104","6"
"city_2108","20"
"city_2111","3"
"city_2116","4"
"city_2117","1"
"city_2119","10"
"city_2120","1"
"city_2121","1"
"city_2123","1"
"city_2127","9"
"city_2130","2"
"city_2131","3"
"city_2132","7"
"city_2135","2"
"city_2138","2"
"city_2139","3"
"city_2142","1"
"city_2143","1"
"city_2149","2"
"city_2150","3"
"city_2151","1"
"city_2152","3"
"city_2154","10"
"city_2163","15"
"city_2164","1"
"city_2165","1"
"city_2166","5"
"city_2167","4"
"city_2168","5"
"city_2169","3"
"city_2170","115"
"city_2171","2"
"city_2174","8"
"city_2176","2"
"city_2179","3"
"city_2180","31"
"city_2191","1"
"city_2192","3"
"city_2203","1"
"city_2206","1"
"city_2207","5"
"city_2208","3"
"city_2209","2"
"city_2213","3"
"city_2217","1"
"city_2220","3"
"city_2221","17"
"city_2223","1"
"city_2224","8"
"city_2225","3"
"city_2226","22"
"city_2227","4"
"city_2228","2"
"city_2232","2"
"city_2233","124"
"city_2235","2"
"city_2236","1"
"city_2237","1"
"city_2239","4"
"city_2242","2"
"city_2244","3"
"city_2245","1"
"city_2249","1"
"city_2252","1"
"city_2253","1"
"city_2257","1"
"city_2260","2"
"city_2261","1"
"city_2262","1"
"city_2266","1"
"city_2271","2"
"city_2272","6"
"city_2274","11"
"city_2276","17"
"city_2277","6"
"city_2280","5"
"city_2286","2"
"city_2290","2"
"city_2292","2"
"city_2293","5"
"city_2296","11"
"city_2298","3"
"city_2299","1"
"city_2300","2"
"city_2301","2"
"city_2310","4"
"city_2312","1"
"city_2319","4"
"city_2320","1"
"city_2327","16"
"city_2329","2"
"city_2331","1"
"city_4565","1"
"city_4566","2"
"city_4567","1"
"city_4568","2"
"city_4569","32"
"city_4570","1"
"city_4571","3"
"city_4572","1"
"city_4573","3"
"city_4574","1"
"city_4575","6"
"city_4577","9"
"city_4579","6"
"city_4580","1"
"city_4582","1"
"city_4583","8"
"city_4584","5"
"city_4585","1"
"city_4587","9"
"city_4588","1"
"city_4589","1"
"city_4591","5"
"city_4592","14"
"city_4595","3"
"city_4596","1"
"city_4597","1"
"city_4598","2"
"city_4599","55"
"city_4600","1"
"city_4601","1"
"city_4602","12"
"city_4603","3"
"city_4606","2"
"city_4608","2"
"city_4609","1"
"city_4611","8"
"city_4612","1"
"city_4613","2"
"city_4614","14"
"city_4616","1"
"city_4617","1"
"city_4619","1"
"city_4620","5"
"city_4621","16"
"city_4622","5"
"city_4625","2"
"city_4626","5"
"city_4629","8"
"city_4630","2"
"city_4631","4"
"city_4632","1"
"city_4633","5"
"city_4634","3"
"city_4635","1"
"city_4636","1"
"city_4638","39"
"city_4639","1"
"city_4640","1"
"city_4641","1"
"city_4642","1"
"city_4643","1"
"city_4645","5"
"city_4646","10"
"city_4648","2"
"city_4649","26"
"city_4650","3"
"city_4651","2"
"city_4652","2"
"city_4653","1"
"city_4654","22"
"city_4655","1"
"city_4656","2"
"city_4657","2"
"city_4658","1"
"city_4659","3"
"city_4662","1"
"city_4663","6"
"city_4664","2"
"city_4665","3"
"city_4667","6"
"city_4668","10"
"city_4669","3"
"city_4670","3"
"city_4671","8"
"city_4672","3"
"city_4673","15"
"city_4674","4"
"city_4675","5"
"city_4676","7"
"city_4678","9"
"city_4679","19"
"city_4680","4"
"city_4681","3"
"city_4682","3"
"city_4683","11"
"city_4684","1"
"city_4686","5"
"city_4687","4"
"city_4688","5"
"city_4689","4"
"city_4690","3"
"city_4691","4"
"city_4692","2"
"city_4693","11"
"city_4694","2"
"city_4695","5"
"city_4696","10"
"city_4698","3"
"city_4699","1"
"city_4700","8"
"city_4701","5"
"city_4702","5"
"city_4703","10"
"city_4705","6"
"city_4706","3"
"city_4707","37"
"city_4708","5"
"city_4709","4"
"city_4710","5"
"city_4711","24"
"city_4712","12"
"city_4713","3"
"city_4714","4"
"city_4715","4"
"city_4716","2"
"city_4717","3"
"city_4718","23"
"city_4719","6"
"city_4720","3"
"city_4722","7"
"city_4723","16"
"city_4724","22"
"city_4725","20"
"city_4726","9"
"city_4727","5"
"city_4728","2"
"city_4729","8"
"city_4730","3"
"city_4731","2"
"city_4732","1"
"city_4733","7"
"city_4734","8"
"city_4736","9"
"city_4737","3"
"city_4738","3"
"city_4739","2"
"city_4740","4"
"city_4741","2"
"city_4760","1"
"city_4765","2"
"city_4770","1"
"city_4772","1"
"city_4778","2"
"city_4785","1"
"city_4786","1"
"city_4788","2"
"city_4794","2"
"city_4795","1"
"city_4798","1"
"city_4800","5"
"city_4809","43"
"city_4815","1"
"city_4816","1"
"city_4819","5"
"city_4823","2"
"city_4833","1"
"city_4835","1"
"city_4838","5"
"city_4844","5"
"city_4845","5"
"city_4846","2"
"city_4856","2"
"city_4858","5"
"city_4859","5"
"city_4861","1"
"city_4863","1"
"city_4867","4"
"city_4868","1"
"city_4874","8"
"city_4886","1"
"city_4889","1"
"city_4899","2"
"city_4903","7"
"city_4908","1"
"city_4912","7"
"city_4913","1"
"city_4920","3"
"city_4924","11"
"city_4944","2"
"city_4951","1"
"city_4952","1"
"city_4955","2"
"city_4956","4"
"city_4958","3"
"city_4962","2"
"city_4969","2"
"city_4982","2"
"city_4983","2"
"city_4984","1"
"city_4985","1"
"city_4986","2"
"city_4987","3"
"city_4988","5"
"city_4989","4"
"city_4990","1"
"city_4991","2"
"city_4992","16"
"city_4993","2"
"city_4994","3"
"city_4996","2"
"city_4997","4"
"city_4999","1"
"city_5000","25"
"city_5002","1"
"city_5003","2"
"city_5004","1"
"city_5005","2"
"city_5009","3"
"city_5010","4"
"city_5011","8"
"city_5012","1"
"city_5013","2"
"city_5015","1"
"city_5016","4"
"city_5020","7"
"city_5022","2"
"city_5024","6"
"city_5025","2"
"city_5026","1"
"city_5027","1"
"city_5029","2"
"city_5033","1"
"city_5036","1"
"city_5038","1"
"city_5039","1"
"city_5040","32"
"city_5041","2"
"city_5045","2"
"city_5047","4"
"city_5048","1"
"city_5049","2"
"city_5051","2"
"city_5052","2"
"city_5053","86"
"city_5057","3"
"city_5064","2"
"city_5065","4"
"city_5066","2"
"city_5069","1"
"city_5074","2"
"city_5075","2"
"city_5076","5"
"city_5078","1"
"city_5080","3"
"city_5081","1"
"city_5082","12"
"city_5083","3"
"city_5084","5"
"city_5090","1"
"city_5093","1"
"city_5094","1"
"city_5095","2"
"city_5096","1"
"city_5097","30"
"city_5098","2"
"city_5099","1"
"city_5100","17"
"city_5101","10"
"city_5106","2"
"city_5108","1"
"city_5109","1"
"city_5111","2"
"city_5112","1"
"city_5113","1"
"city_5115","3"
"city_5116","2"
"city_5117","6"
"city_5118","3"
"city_5122","3"
"city_5123","3"
"city_5124","13"
"city_5125","2"
"city_5126","1"
"city_5127","2"
"city_5129","10"
"city_5132","23"
"city_5161","4"
"city_5162","2"
"city_5163","2"
"city_5166","4"
"city_5172","8"
"city_5173","2"
"city_5175","4"
"city_5176","1"
"city_5177","1"
"city_5180","2"
"city_5181","2"
"city_5182","2"
"city_5183","2"
"city_5184","1"
"city_5185","7"
"city_5187","2"
"city_5188","3"
"city_5189","1"
"city_5192","2"
"city_5193","5"
"city_5194","2"
"city_5195","1"
"city_5196","1"
"city_5199","1"
"city_5206","14"
"city_5207","1"
"city_5209","8"
"city_5210","3"
"city_5212","5"
"city_5213","4"
"city_5214","5"
"city_5215","7"
"city_5216","1"
"city_5218","25"
"city_5219","2"
"city_5220","2"
"city_5221","1"
"city_5222","16"
"city_5223","19"
"city_5225","2"
"city_5226","1"
"city_5227","3"
"city_5228","2"
"city_5229","4"
"city_5230","1"
"city_5234","4"
"city_5235","4"
"city_5236","1"
"city_5237","2"
"city_5239","4"
"city_5240","2"
"city_5241","3"
"city_5243","3"
"city_5244","4"
"city_5245","3"
"city_5246","8"
"city_5247","1"
"city_5248","13"
"city_5249","3"
"city_5250","1"
"city_5251","2"
"city_5252","3"
"city_5253","2"
"city_5254","1"
"city_5256","5"
"city_5258","1"
"city_5259","1"
"city_5260","1"
"city_5261","3"
"city_5262","2"
"city_5263","4"
"city_5266","6"
"city_5269","2"
"city_5270","1"
"city_5271","1"
"city_5272","3"
"city_5273","5"
"city_5274","2"
"city_5276","4"
"city_5277","1"
"city_5280","3"
"city_5281","22"
"city_5282","6"
"city_5284","2"
"city_5285","1"
"city_5286","2"
"city_5287","8"
"city_5288","3"
"city_5291","8"
"city_5292","2"
"city_5293","5"
"city_5294","3"
"city_5295","1"
"city_5296","1"
"city_5297","2"
"city_5300","3"
"city_5301","1"
"city_5303","12"
"city_5304","5"
"city_5305","4"
"city_5306","1"
"city_5311","20"
"city_5312","3"
"city_5315","14"
"city_5317","3"
"city_5318","1"
"city_5319","7"
"city_5320","4"
"city_5321","3"
"city_5322","1"
"city_5323","4"
"city_5325","46"
"city_5326","2"
"city_5327","1"
"city_5328","4"
"city_5329","1"
"city_5330","12"
"city_5331","1"
"city_5332","7"
"city_5333","3"
"city_5334","4"
"city_5335","6"
"city_5338","7"
"city_5339","1"
"city_5344","1"
"city_5345","3"
"city_5346","6"
"city_5347","4"
"city_5348","2"
"city_5350","4"
"city_5351","11"
"city_5352","1"
"city_5353","11"
"city_5357","2"
"city_5358","2"
"city_5360","5"
"city_5361","2"
"city_5363","1"
"city_5365","3"
"city_5366","1"
"city_5369","3"
"city_5370","1"
"city_5371","5"
"city_5372","2"
"city_5373","3"
"city_5380","3"
"city_5385","1"
"city_5393","2"
"city_5394","1"
"city_5396","10"
"city_5410","1"
"city_5412","24"
"city_5418","4"
"city_5419","1"
"city_5422","9"
"city_5439","1"
"city_5442","4"
"city_5443","3"
"city_5449","1"
"city_5458","13"
"city_5474","2"
"city_5481","1"
"city_5483","1"
"city_5486","54"
"city_5495","3"
"city_5499","3"
"city_5503","2"
"city_5540","4"
"city_5542","4"
"city_5556","4"
"city_5563","4"
"city_5565","1"
"city_5567","2"
"city_5572","2"
"city_5585","3"
"city_5597","7"
"city_5605","1"
"city_5611","2"
"city_5615","7"
"city_5621","1"
"city_5625","2"
"city_5626","3"
"city_5627","3"
"city_5638","1"
"city_5648","5"
"city_5652","1"
"city_5654","2"
"city_5658","4"
"city_5752","1"
"city_5753","14"
"city_5754","2"
"city_5755","16"
"city_5756","6"
"city_5757","8"
"city_5758","4"
"city_5759","2"
"city_5760","16"
"city_5761","1"
"city_5762","13"
"city_5763","5"
"city_5764","3"
"city_5765","3"
"city_5766","4"
"city_5769","12"
"city_5771","3"
"city_5772","1"
"city_5773","3"
"city_5776","1"
"city_5777","3"
"city_5778","1"
"city_5779","5"
"city_5781","2"
"city_5782","3"
"city_5783","2"
"city_5784","1"
"city_5785","3"
"city_5786","10"
"city_5787","5"
"city_5789","3"
"city_5790","134"
"city_5791","19"
"city_5792","3"
"city_5794","1"
"city_5795","11"
"city_5796","24"
"city_5799","3"
"city_5800","3"
"city_5801","4"
"city_5802","11"
"city_5803","6"
"city_5804","5"
"city_5805","9"
"city_5806","4"
"city_5807","3"
"city_5808","4"
"city_5810","11"
"city_5811","5"
"city_5812","3"
"city_5814","2"
"city_5815","1"
"city_5817","2"
"city_5818","4"
"city_5820","11"
"city_5821","4"
"city_5822","5"
"city_5823","1"
"city_5824","4"
"city_5825","3"
"city_5826","5"
"city_5827","2"
"city_5831","2"
"city_5833","6"
"city_5837","2"
"city_5843","1"
"city_5844","3"
"city_5848","3"
"city_5849","1"
"city_5851","1"
"city_5852","3"
"city_5857","1"
"city_5860","2"
"city_5867","2"
"city_5869","13"
"city_5873","2"
"city_5874","2"
"city_5875","5"
"city_5877","1"
"city_5879","3"
"city_5880","2"
"city_5881","7"
"city_5885","2"
"city_5888","2"
"city_5890","1"
"city_5892","1"
"city_5894","2"
"city_5896","1"
"city_5899","2"
"city_5906","1"
"city_5908","2"
"city_5911","1"
"city_5913","1"
"city_5917","1"
"city_5918","2"
"city_5920","14"
"city_5922","4"
"city_5923","4"
"city_5924","2"
"city_5928","39"
"city_5933","10"
"city_5940","2"
"city_5941","2"
"city_5951","1"
"city_5953","1"
"city_5954","1"
"city_5955","13"
"city_5958","1"
"city_5960","1"
"city_5961","1"
"city_5963","1"
"city_5965","2"
"city_5971","1"
"city_5975","1"
"city_5980","2"
"city_5981","10"
"city_5986","1"
"city_5991","1"
"city_5995","4"
"city_5998","2"
"city_6004","4"
"city_6005","3"
"city_6007","3"
"city_6012","2"
"city_6021","1"
"city_6026","2"
"city_6027","2"
"city_6030","1"
"city_6032","1"
"city_6033","18"
"city_6034","9"
"city_6035","1"
"city_6036","37"
"city_6037","4"
"city_6038","5"
"city_6039","4"
"city_6040","3"
"city_6041","15"
"city_6042","17"
"city_6043","4"
"city_6044","5"
"city_6046","3"
"city_6047","3"
"city_6048","1"
"city_6050","2"
"city_6051","4"
"city_6052","4"
"city_6053","2"
"city_6055","4"
"city_6056","6"
"city_6057","2"
"city_6058","8"
"city_6059","1"
"city_6060","1"
"city_6061","2"
"city_6062","2"
"city_6063","1"
"city_6064","3"
"city_6065","3"
"city_6067","4"
"city_6069","2"
"city_6071","1"
"city_6072","6"
"city_6073","4"
"city_6074","3"
"city_6075","1"
"city_6076","3"
"city_6077","105"
"city_6078","4"
"city_6079","3"
"city_6080","12"
"city_6081","12"
"city_6082","2"
"city_6083","3"
"city_6084","5"
"city_6085","1"
"city_6086","56"
"city_6087","4"
"city_6088","11"
"city_6089","1"
"city_6090","10"
"city_6091","7"
"city_6092","17"
"city_6093","7"
"city_6094","2"
"city_6095","9"
"city_6096","3"
"city_6097","5"
"city_6098","5"
"city_6099","4"
"city_6100","5"
"city_6101","4"
"city_6103","5"
"city_6104","4"
"city_6105","4"
"city_6106","2"
"city_6107","1"
"city_6108","3"
"city_6109","5"
"city_6110","3"
"city_6111","4"
"city_6112","5"
"city_6113","4"
"city_6114","2"
"city_6115","11"
"city_6116","13"
"city_6117","6"
"city_6118","2"
"city_6119","3"
"city_6120","27"
"city_6121","4"
"city_6122","5"
"city_6123","11"
"city_6124","4"
"city_6125","7"
"city_6126","1"
"city_6127","1"
"city_6131","3"
"city_6134","2"
"city_6135","2"
"city_6137","3"
"city_6140","7"
"city_6146","1"
"city_6147","8"
"city_6149","2"
"city_6150","3"
"city_6152","1"
"city_6154","3"
"city_6165","16"
"city_6171","1"
"city_6172","1"
"city_6175","3"
"city_6176","3"
"city_6193","3"
"city_6196","3"
"city_6198","1"
"city_6203","8"
"city_6212","1"
"city_6216","4"
"city_6220","98"
"city_6228","3"
"city_6231","7"
"city_6232","2"
"city_6234","2"
"city_6245","4"
"city_6248","1"
"city_6251","4"
"city_6255","1"
"city_6260","2"
"city_6264","8"
"city_6276","1"
"city_6282","1"
"city_6290","3"
"city_6305","6"
"city_6306","8"
"city_6307","1"
"city_6308","28"
"city_6309","1"
"city_6310","17"
"city_6311","3"
"city_6312","2"
"city_6313","16"
"city_6314","3"
"city_6315","14"
"city_6316","5"
"city_6317","262"
"city_6318","4"
"city_6319","7"
"city_6320","1"
"city_6325","19"
"city_6326","27"
"city_6327","12"
"city_6328","7"
"city_6329","2"
"city_6330","50"
"city_6331","6"
"city_6332","8"
"city_6333","5"
"city_6334","2"
"city_6335","2"
"city_6336","3"
"city_6338","5"
"city_6342","2"
"city_6346","14"
"city_6349","9"
"city_6356","2"
"city_6364","4"
"city_6368","4"
"city_6371","1"
"city_6372","4"
"city_6374","1"
"city_6379","1"
"city_6388","2"
"city_6391","1"
"city_6396","1"
"city_6397","1"
"city_6398","1"
"city_6401","4"
"city_6411","2"
"city_6416","7"
"city_6418","3"
"city_6419","5"
"city_6420","1"
"city_6424","80"
"city_6430","2"
"city_6438","1"
"city_6440","1"
"city_6444","1"
"city_6445","1"
"city_6447","1"
"city_6448","39"
"city_6449","1"
"city_6454","2"
"city_6455","2"
"city_6461","2"
"city_6463","1"
"city_6466","1"
"city_6467","4"
"city_6469","8"
"city_6473","1"
"city_6480","1"
"city_6484","4"
"city_6485","1"
"city_6492","1"
"city_6494","1"
"city_6495","3"
"city_6496","2"
"city_6500","1"
"city_6508","2"
"city_6512","1"
"city_6513","4"
"city_6515","4"
"city_6517","2"
"city_6519","1"
"city_6523","9"
"city_6525","2"
"city_6528","4"
"city_6530","2"
"city_6532","1"
"city_6541","1"
"city_6542","8"
"city_6543","3"
"city_6553","1"
"city_6554","5"
"city_6555","2"
"city_6557","1"
"city_6558","2"
"city_6559","2"
"city_6561","5"
"city_6562","3"
"city_6563","3"
"city_6564","1"
"city_6565","1"
"city_6566","3"
"city_6567","1"
"city_6568","3"
"city_6570","3"
"city_6572","6"
"city_6574","2"
"city_6575","2"
"city_6578","3"
"city_6579","4"
"city_6582","15"
"city_6583","2"
"city_6586","2"
"city_6588","1"
"city_6591","5"
"city_6592","2"
"city_6593","2"
"city_6594","3"
"city_6596","2"
"city_6597","1"
"city_6600","2"
"city_6604","2"
"city_6605","2"
"city_6606","1"
"city_6607","2"
"city_6609","10"
"city_6610","1"
"city_6611","1"
"city_6613","2"
"city_6614","2"
"city_6615","1"
"city_6616","1"
"city_6618","1"
"city_6620","6"
"city_6621","2"
"city_6623","1"
"city_6631","2"
"city_6636","2"
"city_6637","1"
"city_6641","1"
"city_6642","6"
"city_6644","2"
"city_6646","1"
"city_6649","1"
"city_6650","3"
"city_6655","2"
"city_6657","2"
"city_6658","3"
"city_6662","1"
"city_6663","3"
"city_6664","2"
"city_6665","1"
"city_6667","1"
"city_6670","1"
"city_6671","6"
"city_6672","3"
"city_6676","3"
"city_6679","2"
"city_6680","1"
"city_6681","119"
"city_6682","1"
"city_6684","1"
"city_6685","2"
"city_6686","2"
"city_6687","1"
"city_6689","2"
"city_6690","2"
"city_6691","18"
"city_6692","2"
"city_6693","2"
"city_6694","2"
"city_6695","1"
"city_6700","1"
"city_6702","4"
"city_6704","2"
"city_6707","1"
"city_6708","2"
"city_6711","1"
"city_6712","1"
"city_6714","1"
"city_6716","4"
"city_6717","1"
"city_6718","2"
"city_6719","2"
"city_6720","1"
"city_6721","2"
"city_6723","3"
"city_6724","2"
"city_6727","1"
"city_6729","4"
"city_6730","1"
"city_6731","2"
"city_6733","2"
"city_6734","1"
"city_6735","4"
"city_6737","2"
"city_6739","2"
"city_6741","3"
"city_6742","2"
"city_6743","9"
"city_6745","5"
"city_6746","2"
"city_6747","1"
"city_6748","2"
"city_6749","1"
"city_6751","18"
"city_6754","2"
"city_6755","1"
"city_6757","2"
"city_6759","2"
"city_6760","1"
"city_6761","1"
"city_6762","4"
"city_6764","2"
"city_6765","2"
"city_6766","2"
"city_6767","7"
"city_6770","4"
"city_6771","3"
"city_6772","4"
"city_6773","2"
"city_6774","2"
"city_6775","1"
"city_6777","2"
"city_6779","1"
"city_6780","1"
"city_6781","3"
"city_6782","2"
"city_6784","4"
"city_6785","3"
"city_6786","2"
"city_6787","3"
"city_6788","1"
"city_6790","2"
"city_6791","1"
"city_6793","1"
"city_6795","3"
"city_6796","4"
"city_6797","1"
"city_6798","7"
"city_6800","3"
"city_6801","2"
"city_6803","2"
"city_6804","5"
"city_6806","2"
"city_6807","7"
"city_6808","2"
"city_6809","3"
"city_6810","1"
"city_6812","2"
"city_6813","62"
"city_6814","3"
"city_6815","4"
"city_6816","18"
"city_6817","7"
"city_6820","1"
"city_6821","1"
"city_6826","1"
"city_6832","2"
"city_6835","3"
"city_6836","3"
"city_6837","8"
"city_6841","1"
"city_6842","13"
"city_6843","1"
"city_6844","3"
"city_6845","1"
"city_6848","10"
"city_6849","1"
"city_6850","3"
"city_6852","7"
"city_6854","107"
"city_6855","83"
"city_6856","102"
"city_6857","3"
"city_6858","18"
"city_6859","20"
"city_6860","1"
"city_6861","2"
"city_6862","28"
"city_6863","35"
"city_6864","21"
"city_6866","1"
"city_6867","3"
"city_6868","3"
"city_6870","44"
"city_6872","1"
"city_6873","10"
"city_6874","8"
"city_6875","1"
"city_6876","3"
"city_6877","3"
"city_6878","7"
"city_6879","5"
"city_6880","1"
"city_6881","3"
"city_6882","6"
"city_6883","2"
"city_6884","5"
"city_6885","1"
"city_6886","4"
"city_6887","5"
"city_6888","14"
"city_6889","5"
"city_6891","38"
"city_6892","5"
"city_6893","2"
"city_6894","36"
"city_6895","8"
"city_6896","1"
"city_6897","45"
"city_6898","4"
"city_6899","7"
"city_6900","6"
"city_6901","1"
"city_6902","6"
"city_6903","6"
"city_6904","7"
"city_6905","2"
"city_6906","2"
"city_6907","3"
"city_6908","4"
"city_6909","107"
"city_6910","5"
"city_6911","3"
"city_6912","18"
"city_6916","105"
"city_6917","9"
"city_6918","6"
"city_6919","12"
"city_6922","4"
"city_6923","18"
"city_6925","5"
"city_6928","62"
"city_6929","101"
"city_6930","9"
"city_6931","4"
"city_6932","3"
"city_6933","2"
"city_6934","2"
"city_6936","1723"
"city_6937","44"
"city_6938","6"
"city_6939","9"
"city_6940","12"
"city_6941","5"
"city_6942","1"
"city_6943","5"
"city_6944","12"
"city_6945","5"
"city_6946","106"
"city_6947","2"
"city_6948","1"
"city_6949","2"
"city_6950","20"
"city_6952","2"
"city_6953","5"
"city_6954","1"
"city_6955","3"
"city_6956","19"
"city_6957","65"
"city_6958","2"
"city_6959","6"
"city_6960","2"
"city_6961","3"
"city_6962","1"
"city_6964","29"
"city_6966","66"
"city_6967","1"
"city_6971","4"
"city_6972","2"
"city_6973","1"
"city_6974","2"
"city_6975","54"
"city_6977","3"
"city_6979","3"
"city_6981","24"
"city_6982","18"
"city_6983","14"
"city_6984","8"
"city_6985","59"
"city_6986","1"
"city_6988","4"
"city_6989","9"
"city_6991","12"
"city_6992","5"
"city_6993","3"
"city_6994","2"
"city_6995","77"
"city_6996","6"
"city_6997","4"
"city_6998","5"
"city_6999","21"
"city_7000","2"
"city_7001","6"
"city_7002","43"
"city_7003","3"
"city_7004","2"
"city_7005","1"
"city_7006","1"
"city_7007","1"
"city_7008","6"
"city_7009","51"
"city_7010","6"
"city_7011","1"
"city_7012","2"
"city_7013","3"
"city_7015","7"
"city_7016","2"
"city_7017","4"
"city_7018","2"
"city_7019","12"
"city_7020","1"
"city_7021","2"
"city_7022","2"
"city_7023","22"
"city_7024","2"
"city_7025","17"
"city_7026","2"
"city_7027","10"
"city_7028","23"
"city_7030","2"
"city_7032","4"
"city_7033","3"
"city_7034","3"
"city_7036","7"
"city_7037","2"
"city_7038","51"
"city_7039","19"
"city_7040","2"
"city_7041","7"
"city_7042","14"
"city_7043","4"
"city_7045","42"
"city_7046","8"
"city_7047","3"
"city_7048","4"
"city_7049","1"
"city_7050","1"
"city_7051","2"
"city_7052","2"
"city_7053","34"
"city_7054","2"
"city_7055","1"
"city_7056","7"
"city_7057","3"
"city_7058","1"
"city_7060","7"
"city_7061","5"
"city_7062","3"
"city_7063","5"
"city_7064","20"
"city_7065","4"
"city_7066","7"
"city_7067","4"
"city_7068","5"
"city_7069","2"
"city_7070","2"
"city_7071","53"
"city_7073","45"
"city_7074","3"
"city_7075","1"
"city_7076","1"
"city_7077","3"
"city_7078","4"
"city_7079","2"
"city_7080","2"
"city_7082","2"
"city_7084","453"
"city_7085","13"
"city_7086","104"
"city_7087","32"
"city_7088","4"
"city_7089","4"
"city_7090","2"
"city_7091","16"
"city_7092","3"
"city_7093","1"
"city_7094","6"
"city_7095","6"
"city_7097","32"
"city_7098","3"
"city_7099","30"
"city_7100","5"
"city_7101","4"
"city_7102","2"
"city_7103","39"
"city_7104","13"
"city_7105","3"
"city_7106","31"
"city_7107","6"
"city_7108","2"
"city_7109","6"
"city_7110","7"
"city_7111","3"
"city_7112","4"
"city_7116","4"
"city_7117","8"
"city_7118","1"
"city_7119","24"
"city_7120","1"
"city_7121","5"
"city_7122","18"
"city_7123","11"
"city_7124","19"
"city_7125","4"
"city_7126","4"
"city_7127","8"
"city_7128","7"
"city_7129","2"
"city_7130","21"
"city_7131","99"
"city_7132","11"
"city_7133","11"
"city_7134","23"
"city_7135","7"
"city_7136","10"
"city_7137","15"
"city_7138","13"
"city_7139","93"
"city_7140","4"
"city_7141","38"
"city_7142","5"
"city_7143","31"
"city_7144","15"
"city_7145","55"
"city_7146","6"
"city_7147","11"
"city_7148","225"
"city_7149","1"
"city_7150","2"
"city_7152","2"
"city_7153","18"
"city_7154","15"
"city_7155","10"
"city_7156","21"
"city_7157","19"
"city_7158","1"
"city_7159","1"
"city_7160","24"
"city_7436","1"
"city_7437","1"
"city_7438","1"
"city_7439","1"
"city_7440","4"
"city_7442","3"
"city_7443","4"
"city_7444","1"
"city_7447","1"
"city_7448","3"
"city_7449","1"
"city_7456","2"
"city_7457","3"
"city_7460","1"
"city_7461","1"
"city_7462","6"
"city_7463","1"
"city_7466","1"
"city_7472","1"
"city_7473","2"
"city_7476","3"
"city_7477","1"
"city_7478","1"
"city_7479","2"
"city_7484","10"
"city_7485","1"
"city_7486","9"
"city_7487","1"
"city_7488","1"
"city_7489","99"
"city_7501","1"
"city_7503","6"
"city_7507","4"
"city_7508","2"
"city_7511","1"
"city_7512","1"
"city_7513","1"
"city_7516","12"
"city_7517","3"
"city_7519","1"
"city_7520","1"
"city_7521","1"
"city_7522","3"
"city_7523","1"
"city_7524","8"
"city_7525","1"
"city_7530","5"
"city_7531","1"
"city_7534","1"
"city_7538","1"
"city_7542","1"
"city_7545","1"
"city_7547","1"
"city_7554","1"
"city_7558","1"
"city_7561","4"
"city_7569","2"
"city_7580","1"
"city_7585","1"
"city_7586","1"
"city_7589","7"
"city_7592","2"
"city_7603","1"
"city_7616","1"
"city_7623","1"
"city_7624","48"
"city_7627","2"
"city_7652","1"
"city_7654","1"
"city_7661","1"
"city_7663","1"
"city_7670","1"
"city_7671","1"
"city_7680","2"
"city_7686","1"
"city_7694","3"
"city_7701","6"
"city_7707","2"
"city_7712","1"
"city_7720","4"
"city_7721","14"
"city_7722","10"
"city_7724","2"
"city_7726","6"
"city_7727","5"
"city_7728","3"
"city_7729","8"
"city_7730","6"
"city_7731","11"
"city_7732","2"
"city_7733","14"
"city_7734","3"
"city_7735","2"
"city_7737","3"
"city_7738","1"
"city_7740","4"
"city_7743","4"
"city_7744","12"
"city_7745","14"
"city_7749","4"
"city_7753","8"
"city_7754","1"
"city_7755","8"
"city_7756","14"
"city_7758","3"
"city_7759","4"
"city_7760","4"
"city_7761","4"
"city_7762","14"
"city_7764","69"
"city_7766","14"
"city_7768","1"
"city_7771","4"
"city_7772","4"
"city_7775","14"
"city_7777","191"
"city_7778","5"
"city_7779","2"
"city_7780","21"
"city_7781","4"
"city_7788","7"
"city_7793","1"
"city_7801","2"
"city_7812","1"
"city_7813","2"
"city_7815","1"
"city_7818","1"
"city_7819","14"
"city_7832","5"
"city_7834","1"
"city_7837","1"
"city_7839","1"
"city_7842","1"
"city_7843","2"
"city_7844","1"
"city_7845","7"
"city_7851","2"
"city_7859","1"
"city_7863","13"
"city_7870","2"
"city_7877","1"
"city_7900","1"
"city_7902","1"
"city_7904","1"
"city_7912","1"
"city_7916","1"
"city_7919","6"
"city_7923","1"
"city_7932","2"
"city_7941","2"
"city_7959","3"
"city_7960","1"
"city_7961","1"
"city_7962","2"
"city_7963","2"
"city_7965","1"
"city_7973","1"
"city_7978","1"
"city_7983","1"
"city_7985","1"
"city_8004","1"
"city_8018","1"
"city_8024","8"
"city_8040","1"
"city_8044","1"
"city_8048","94"
"city_8056","1"
"city_8066","2"
"city_8069","11"
"city_8071","1"
"city_8077","1"
"city_8083","1"
"city_8085","1"
"city_8090","2"
"city_8096","1"
"city_8116","7"
"city_8119","1"
"city_8124","4"
"city_8126","1"
"city_8131","1"
"city_8135","1"
"city_8136","1"
"city_8137","1"
"city_8139","4"
"city_8146","28"
"city_8147","2"
"city_8148","2"
"city_8149","2"
"city_8150","2"
"city_8151","12"
"city_8152","1"
"city_8153","6"
"city_8155","6"
"city_8156","13"
"city_8157","9"
"city_8158","2"
"city_8160","2"
"city_8163","3"
"city_8165","9"
"city_8167","14"
"city_8168","2"
"city_8169","30"
"city_8170","3"
"city_8171","4"
"city_8172","25"
"city_8173","5"
"city_8174","21"
"city_8175","21"
"city_8177","19"
"city_8178","2"
"city_8179","4"
"city_8180","13"
"city_8182","7"
"city_8183","17"
"city_8184","10"
"city_8185","18"
"city_8187","7"
"city_8188","8"
"city_8189","7"
"city_8190","13"
"city_8191","6"
"city_8192","2"
"city_8193","9"
"city_8195","6"
"city_8196","3"
"city_8197","1"
"city_8198","3"
"city_8201","1"
"city_8204","1"
"city_8222","2"
"city_8229","2"
"city_8236","4"
"city_8237","2"
"city_8238","4"
"city_8249","1"
"city_8252","5"
"city_8259","7"
"city_8264","9"
"city_8278","1"
"city_8280","1"
"city_8294","2"
"city_8295","1"
"city_8322","3"
"city_8325","1"
"city_8329","2"
"city_8333","1"
"city_8337","1"
"city_8339","2"
"city_8346","1"
"city_8352","3"
"city_8364","1"
"city_8365","1"
"city_8366","3"
"city_8374","40"
"city_8375","3"
"city_8383","3"
"city_8386","1"
"city_8387","1"
"city_8398","2"
"city_8402","2"
"city_8403","2"
"city_8410","4"
"city_8411","3"
"city_8412","58"
"city_8413","11"
"city_8414","4"
"city_8415","3"
"city_8416","2"
"city_8417","6"
"city_8418","11"
"city_8419","6"
"city_8420","4"
"city_8421","7"
"city_8422","15"
"city_8423","27"
"city_8424","10"
"city_8425","7"
"city_8426","25"
"city_8427","4"
"city_8428","10"
"city_8429","22"
"city_8430","4"
"city_8431","4"
"city_8432","7"
"city_8433","5"
"city_8434","18"
"city_8435","3"
"city_8436","22"
"city_8437","4"
"city_8438","122"
"city_8439","29"
"city_8440","4"
"city_8441","3"
"city_8442","3"
"city_8443","3"
"city_8444","4"
"city_8445","5"
"city_8446","14"
"city_8447","21"
"city_8448","10"
"city_8449","5"
"city_8450","8"
"city_8451","4"
"city_8452","16"
"city_8453","11"
"city_8454","6"
"city_8455","3"
"city_8456","15"
"city_8457","6"
"city_8458","4"
"city_8459","5"
"city_8461","11"
"city_8462","32"
"city_8463","4"
"city_8464","14"
"city_8465","21"
"city_8466","2"
"city_8467","21"
"city_8468","4"
"city_8469","4"
"city_8470","31"
"city_8471","21"
"city_8472","46"
"city_8473","15"
"city_8474","4"
"city_8475","3"
"city_8476","7"
"city_8477","24"
"city_8478","9"
"city_8479","17"
"city_8480","13"
"city_8481","4"
"city_8482","5"
"city_8483","3"
"city_8484","13"
"city_8485","4"
"city_8486","5"
"city_8487","19"
"city_8488","13"
"city_8489","6"
"city_8490","588"
"city_8491","8"
"city_8492","23"
"city_8493","12"
"city_8494","39"
"city_8495","10"
"city_8496","5"
"city_8497","3"
"city_8498","8"
"city_8499","5"
"city_8500","8"
"city_8504","4"
"city_8517","1"
"city_8518","9"
"city_8523","3"
"city_8533","2"
"city_8540","5"
"city_8551","1"
"city_8563","3"
"city_8569","3"
"city_8586","3"
"city_8587","1"
"city_8595","2"
"city_8617","1"
"city_8621","4"
"city_8626","1"
"city_8637","5"
"city_8639","4"
"city_8640","2"
"city_8642","1"
"city_8646","30"
"city_8680","3"
"city_8686","3"
"city_8687","2"
"city_8688","6"
"city_8689","4"
"city_8690","1"
"city_8691","1"
"city_8692","2"
"city_8693","1"
"city_8694","2"
"city_8695","6"
"city_8696","21"
"city_8698","1"
"city_8699","3"
"city_8700","2"
"city_8701","2"
"city_8702","3"
"city_8703","1"
"city_8704","1"
"city_8705","2"
"city_8706","3"
"city_8707","1"
"city_8708","2"
"city_8709","1"
"city_8710","3"
"city_8711","2"
"city_8712","2"
"city_8713","2"
"city_8714","14"
"city_8715","4"
"city_8716","19"
"city_8718","1"
"city_8719","1"
"city_8720","2"
"city_8723","6"
"city_8725","4"
"city_8726","3"
"city_8727","7"
"city_8728","7"
"city_8729","1"
"city_8730","4"
"city_8732","1"
"city_8733","1"
"city_8734","1"
"city_8735","2"
"city_8736","4"
"city_8737","4"
"city_8738","2"
"city_8739","3"
"city_8742","19"
"city_8743","3"
"city_8744","2"
"city_8745","4"
"city_8747","1"
"city_8748","4"
"city_8749","1"
"city_8751","1"
"city_8752","2"
"city_8753","1"
"city_8755","2"
"city_8765","3"
"city_8766","3"
"city_8769","2"
"city_8770","1"
"city_8772","2"
"city_8774","3"
"city_8775","1"
"city_8776","2"
"city_8777","2"
"city_8778","2"
"city_8779","1"
"city_8780","7"
"city_8781","5"
"city_8785","1"
"city_8786","3"
"city_8789","2"
"city_8790","1"
"city_8792","1"
"city_8793","2"
"city_8794","2"
"city_8795","2"
"city_8796","1"
"city_8797","1"
"city_8798","4"
"city_8799","7"
"city_8800","3"
"city_8803","3"
"city_8804","2"
"city_8807","2"
"city_8808","2"
"city_8809","2"
"city_8810","1"
"city_8812","1"
"city_8814","1"
"city_8815","1"
"city_8816","2"
"city_8817","2"
"city_8819","1"
"city_8821","77"
"city_8823","2"
"city_8824","2"
"city_8825","5"
"city_8826","1"
"city_8827","5"
"city_8828","2"
"city_8829","4"
"city_8830","2"
"city_8831","15"
"city_8832","7"
"city_8834","2"
"city_8836","4"
"city_8837","5"
"city_8838","2"
"city_8839","2"
"city_8842","2"
"city_8843","89"
"city_8844","2"
"city_8845","3"
"city_8846","11"
"city_8848","22"
"city_8849","3"
"city_8850","1"
"city_8853","3"
"city_8854","19"
"city_8857","2"
"city_8858","17"
"city_8859","1"
"city_8860","2"
"city_8861","2"
"city_8864","1"
"city_8865","1"
"city_8866","2"
"city_8867","2"
"city_8868","2"
"city_8869","2"
"city_8878","2"
"city_8879","3"
"city_8883","16"
"city_8884","5"
"city_8888","1"
"city_8894","8"
"city_8898","1"
"city_8905","1"
"city_8906","1"
"city_8913","1"
"city_8917","3"
"city_8918","6"
"city_8919","6"
"city_8924","1"
"city_8928","3"
"city_8932","2"
"city_8934","2"
"city_8935","2"
"city_8937","4"
"city_8941","2"
"city_8953","2"
"city_8966","1"
"city_8973","3"
"city_8983","1"
"city_8985","2"
"city_8988","1"
"city_8989","2"
"city_8990","1"
"city_8991","2"
"city_9004","1"
"city_9005","1"
"city_9006","2"
"city_9007","1"
"city_9008","1"
"city_9013","5"
"city_9014","1"
"city_9015","3"
"city_9018","2"
"city_9020","2"
"city_9021","1"
"city_9027","1"
"city_9030","1"
"city_9034","1"
"city_9037","1"
"city_9050","3"
"city_9057","2"
"city_9058","2"
"city_9063","33"
"city_9072","1"
"city_9081","1"
"city_9083","1"
"city_9084","4"
"city_9087","1"
"city_9090","1"
"city_9091","6"
"city_9092","1"
"city_9100","1"
"city_9102","1"
"city_9108","2"
"city_9109","2"
"city_9110","1"
"city_9111","1"
"city_9113","1"
"city_9114","2"
"city_9119","1"
"city_9120","1"
"city_9121","4"
"city_9122","1"
"city_9123","4"
"city_9125","1"
"city_9126","6"
"city_9127","3"
"city_9128","2"
"city_9130","4"
"city_9131","2"
"city_9132","2"
"city_9134","1"
"city_9135","3"
"city_9137","4"
"city_9138","1"
"city_9139","2"
"city_9140","1"
"city_9141","1"
"city_9142","5"
"city_9143","1"
"city_9144","5"
"city_9147","2"
"city_9148","3"
"city_9149","1"
"city_9151","3"
"city_9153","1"
"city_9154","2"
"city_9155","4"
"city_9156","6"
"city_9157","4"
"city_9158","1"
"city_9159","1"
"city_9160","2"
"city_9161","1"
"city_9162","2"
"city_9163","1"
"city_9164","1"
"city_9165","1"
"city_9166","1"
"city_9167","2"
"city_9168","4"
"city_9170","2"
"city_9171","1"
"city_9173","5"
"city_9174","9"
"city_9175","3"
"city_9177","1"
"city_9178","2"
"city_9182","1"
"city_9183","1"
"city_9184","2"
"city_9186","18"
"city_9187","1"
"city_9189","2"
"city_9191","1"
"city_9192","1"
"city_9193","5"
"city_9194","5"
"city_9195","2"
"city_9196","1"
"city_9197","2"
"city_9198","2"
"city_9199","2"
"city_9200","1"
"city_9201","4"
"city_9203","1"
"city_9204","2"
"city_9205","2"
"city_9206","1"
"city_9207","3"
"city_9208","1"
"city_9209","4"
"city_9211","11"
"city_9212","3"
"city_9213","1"
"city_9214","1"
"city_9215","1"
"city_9216","1"
"city_9218","1"
"city_9219","1"
"city_9220","1"
"city_9221","2"
"city_9222","6"
"city_9224","3"
"city_9225","3"
"city_9229","7"
"city_9230","4"
"city_9231","4"
"city_9232","1"
"city_9234","1"
"city_9235","5"
"city_9236","1"
"city_9237","1"
"city_9238","2"
"city_9239","4"
"city_9241","10"
"city_9242","5"
"city_9243","3"
"city_9244","2"
"city_9245","3"
"city_9247","1"
"city_9248","2"
"city_9250","1"
"city_9252","1"
"city_9253","3"
"city_9254","1"
"city_9256","2"
"city_9257","2"
"city_9258","9"
"city_9259","1"
"city_9260","3"
"city_9262","1"
"city_9265","1"
"city_9266","1"
"city_9267","2"
"city_9268","1"
"city_9270","3"
"city_9271","3"
"city_9272","2"
"city_9273","1"
"city_9276","16"
"city_9278","9"
"city_9280","61"
"city_9281","3"
"city_9282","69"
"city_9286","11"
"city_9287","1"
"city_9288","1"
"city_9289","3"
"city_9290","2"
"city_9292","4"
"city_9293","1"
"city_9294","7"
"city_9295","4"
"city_9296","3"
"city_9297","1"
"city_9298","1"
"city_9299","1"
"city_9300","2"
"city_9301","1"
"city_9303","2"
"city_9304","2"
"city_9305","2"
"city_9306","1"
"city_9307","3"
"city_9308","5"
"city_9309","1"
"city_9310","1"
"city_9311","8"
"city_9432","1"
"city_9435","2"
"city_9438","12"
"city_9439","1"
"city_9443","1"
"city_9448","1"
"city_9451","3"
"city_9456","2"
"city_9458","1"
"city_9462","2"
"city_9470","1"
"city_9472","1"
"city_9477","4"
"city_9479","3"
"city_9480","1"
"city_9481","1"
"city_9489","1"
"city_9493","1"
"city_9494","2"
"city_9502","4"
"city_9505","1"
"city_9506","1"
"city_9509","17"
"city_9515","2"
"city_9517","2"
"city_9518","5"
"city_9519","17"
"city_9520","1"
"city_9523","3"
"city_9526","4"
"city_9530","1"
"city_9533","1"
"city_9536","5"
"city_9540","3"
"city_9542","5"
"city_9549","2"
"city_9550","1"
"city_9551","1"
"city_9555","1"
"city_9560","4"
"city_9565","2"
"city_9571","2"
"city_9582","1"
"city_9584","1"
"city_9586","6"
"city_9590","7"
"city_9596","1"
"city_9600","3"
"city_9606","2"
"city_9608","165"
"city_9609","1"
"city_9617","2"
"city_9620","1"
"city_9635","4"
"city_9638","3"
"city_9639","1"
"city_9647","1"
"city_9651","1"
"city_9653","5"
"city_9769","3"
"city_9773","1"
"city_9774","1"
"city_9784","2"
"city_9787","15"
"city_9789","3"
"city_9794","1"
"city_9798","2"
"city_9801","1"
"city_9815","1"
"city_9821","2"
"city_9830","1"
"city_9831","1"
"city_9835","1"
"city_9841","1"
"city_9843","2"
"city_9850","1"
"city_9853","1"
"city_9857","1"
"city_9862","1"
"city_9865","1"
"city_9882","1"
"city_9885","1"
"city_9886","2"
"city_9887","1"
"city_9888","1"
"city_9890","2"
"city_9895","1"
"city_9896","2"
"city_9901","1"
"city_9920","4"
"city_9930","1"
"city_9940","1"
"city_9946","1"
"city_9952","1"
"city_9958","1"
"city_9961","1"
"city_9963","10"
"city_9985","1"
"city_9993","3"
"city_10001","1"
"city_10003","2"
"city_10009","1"
"city_10015","51"
"city_10022","2"
"city_10024","6"
"city_10026","1"
"city_10033","2"
"city_10034","2"
"city_10036","2"
"city_10039","2"
"city_10040","2"
"city_10043","1"
"city_10048","2"
"city_10052","3"
"city_10053","1"
"city_10059","4"
"city_10065","1"
"city_10067","1"
"city_10069","4"
"city_10071","2"
"city_10073","3"
"city_10078","2"
"city_10079","15"
"city_10080","2"
"city_10085","4"
"city_10086","7"
"city_10094","1"
"city_10102","1"
"city_10103","7"
"city_10105","5"
"city_10106","14"
"city_10107","2"
"city_10110","1"
"city_10113","3"
"city_10114","1"
"city_10115","2"
"city_10116","2"
"city_10118","1"
"city_10119","1"
"city_10122","2"
"city_10124","4"
"city_10127","2"
"city_10128","1"
"city_10130","1"
"city_10133","2"
"city_10134","1"
"city_10135","3"
"city_10137","1"
"city_10140","1"
"city_10141","7"
"city_10142","2"
"city_10143","3"
"city_10153","2"
"city_10158","2"
"city_10163","2"
"city_10166","2"
"city_10168","2"
"city_10169","2"
"city_10170","1"
"city_10173","3"
"city_10175","2"
"city_10178","4"
"city_10180","4"
"city_10190","2"
"city_10192","1"
"city_10196","2"
"city_10204","2"
"city_10205","2"
"city_10207","1"
"city_10214","2"
"city_10217","2"
"city_10218","4"
"city_10219","1"
"city_10221","4"
"city_10222","3"
"city_10229","1"
"city_10231","7"
"city_10234","2"
"city_10235","1"
"city_10237","2"
"city_10241","3"
"city_10244","1"
"city_10245","1"
"city_10246","6"
"city_10249","1"
"city_10251","3"
"city_10258","2"
"city_10259","2"
"city_10262","9"
"city_10263","3"
"city_10273","2"
"city_10275","1"
"city_10278","2"
"city_10279","1"
"city_10282","1"
"city_10283","15"
"city_10295","2"
"city_10297","1"
"city_10298","3"
"city_10299","6"
"city_10300","1"
"city_10303","2"
"city_10307","344"
"city_10308","8"
"city_10310","4"
"city_10311","2"
"city_10313","4"
"city_10314","4"
"city_10315","21"
"city_10316","8"
"city_10317","15"
"city_10318","4"
"city_10319","4"
"city_10322","4"
"city_10323","17"
"city_10324","4"
"city_10326","2"
"city_10327","2"
"city_10328","20"
"city_10329","15"
"city_10331","7"
"city_10332","1"
"city_10333","3"
"city_10336","27"
"city_10338","11"
"city_10339","8"
"city_10341","4"
"city_10342","8"
"city_10343","2"
"city_10344","33"
"city_10346","4"
"city_10347","1"
"city_10349","4"
"city_10350","1"
"city_10351","3"
"city_10352","2"
"city_10353","5"
"city_10354","1"
"city_10356","8"
"city_10358","2"
"city_10359","10"
"city_10360","4"
"city_10363","12"
"city_10364","3"
"city_10365","3"
"city_10367","5"
"city_10368","3"
"city_10369","1"
"city_10370","3"
"city_10371","3"
"city_10375","19"
"city_10376","1"
"city_10377","6"
"city_10378","1"
"city_10379","7"
"city_10380","1"
"city_10381","3"
"city_10382","9"
"city_10383","25"
"city_10385","2"
"city_10386","11"
"city_10388","15"
"city_10389","4"
"city_10390","14"
"city_10393","1"
"city_10394","1"
"city_10395","3"
"city_10398","4"
"city_10399","23"
"city_10400","4"
"city_10402","4"
"city_10403","4"
"city_10405","12"
"city_10406","11"
"city_10407","1"
"city_10408","2"
"city_10409","2"
"city_10410","2"
"city_10412","18"
"city_10413","3"
"city_10414","2"
"city_10415","1"
"city_10417","5"
"city_10418","3"
"city_10420","2"
"city_10421","2"
"city_10422","9"
"city_10424","2"
"city_10425","1"
"city_10426","46"
"city_10427","2"
"city_10428","2"
"city_10429","1"
"city_10430","3"
"city_10431","18"
"city_10432","4"
"city_10436","1"
"city_10437","2"
"city_10438","2"
"city_10446","4"
"city_10448","5"
"city_10449","15"
"city_10450","5"
"city_10451","6"
"city_10453","2"
"city_10454","2"
"city_10455","15"
"city_10456","3"
"city_10457","4"
"city_10458","3"
"city_10459","2"
"city_10460","3"
"city_10462","2"
"city_10465","1"
"city_10466","20"
"city_10467","4"
"city_10468","4"
"city_10470","2"
"city_10471","10"
"city_10472","8"
"city_10473","11"
"city_10475","3"
"city_10476","24"
"city_10477","5"
"city_10478","22"
"city_10481","2"
"city_10482","1"
"city_10483","5"
"city_10484","7"
"city_10485","3"
"city_10486","4"
"city_10488","18"
"city_10490","24"
"city_10491","3"
"city_10492","14"
"city_10493","3"
"city_10494","1"
"city_10495","2"
"city_10496","59"
"city_10497","3"
"city_10498","1"
"city_10499","12"
"city_10500","21"
"city_10501","2"
"city_10504","4"
"city_10505","2"
"city_10506","17"
"city_10508","9"
"city_10509","2"
"city_10510","22"
"city_10511","2"
"city_10512","4"
"city_10513","1"
"city_10514","7"
"city_10515","2"
"city_10516","2"
"city_10518","3"
"city_10520","16"
"city_10521","16"
"city_10522","2"
"city_10523","5"
"city_10525","2"
"city_10528","1"
"city_10530","9"
"city_10534","2"
"city_10535","3"
"city_10536","3"
"city_10537","14"
"city_10538","3"
"city_10539","2"
"city_10540","4"
"city_10542","20"
"city_10543","2"
"city_10544","8"
"city_10545","14"
"city_10548","1"
"city_10551","65"
"city_10553","2"
"city_10554","3"
"city_10555","5"
"city_10556","12"
"city_10557","535"
"city_10558","4"
"city_10561","1"
"city_10562","7"
"city_10563","6"
"city_10564","7"
"city_10565","4"
"city_10567","5"
"city_10568","29"
"city_10569","5"
"city_10570","4"
"city_10571","15"
"city_10572","5"
"city_10575","2"
"city_10576","7"
"city_10582","8"
"city_10583","1"
"city_11017","1"
"city_11018","1"
"city_11032","1"
"city_11072","1"
"city_11083","1"
"city_11088","2"
"city_11120","1"
"city_11121","2"
"city_11125","1"
"city_11127","1"
"city_11132","12"
"city_11133","1"
"city_11135","1"
"city_11139","1"
"city_11156","9"
"city_11170","9"
"city_11171","9"
"city_11172","1"
"city_11175","3"
"city_11178","2"
"city_11184","3"
"city_11188","10"
"city_11191","2"
"city_11197","1"
"city_11203","5"
"city_11205","3"
"city_11207","3"
"city_11209","1"
"city_11214","2"
"city_11218","4"
"city_11219","10"
"city_11223","9"
"city_11226","1"
"city_11228","3"
"city_11240","3"
"city_11249","1"
"city_11251","3"
"city_11254","1"
"city_11260","3"
"city_11261","4"
"city_11263","3"
"city_11270","3"
"city_11271","4"
"city_11272","13"
"city_11276","2"
"city_11277","1"
"city_11280","2"
"city_11282","1"
"city_11283","3"
"city_11284","1"
"city_11285","4"
"city_11290","3"
"city_11291","1"
"city_11292","2"
"city_11295","1"
"city_11297","2"
"city_11298","1"
"city_11302","2"
"city_11304","1"
"city_11308","2"
"city_11311","4"
"city_11313","3"
"city_11314","7"
"city_11315","7"
"city_11317","6"
"city_11318","2"
"city_11319","3"
"city_11320","1"
"city_11321","4"
"city_11327","5"
"city_11329","4"
"city_11332","5"
"city_11334","4"
"city_11365","1"
"city_11368","1"
"city_11379","2"
"city_11388","1"
"city_11408","1"
"city_11422","1"
"city_11438","7"
"city_11439","9"
"city_11446","30"
"city_11465","5"
"city_11475","1"
"city_11482","1"
"city_11483","1"
"city_11484","5"
"city_11493","20"
"city_11497","1"
"city_11501","1"
"city_11504","2"
"city_11519","1"
"city_11520","1"
"city_11523","1"
"city_11524","2"
"city_11526","1"
"city_11527","2"
"city_11528","1"
"city_11529","1"
"city_11530","1"
"city_11531","4"
"city_11532","1"
"city_11535","6"
"city_11536","1"
"city_11537","2"
"city_11538","2"
"city_11539","1"
"city_11541","2"
"city_11542","2"
"city_11545","1"
"city_11546","1"
"city_11548","1"
"city_11550","1"
"city_11551","2"
"city_11552","1"
"city_11553","3"
"city_11555","1"
"city_11556","1"
"city_11559","2"
"city_11560","2"
"city_11561","6"
"city_11563","9"
"city_11569","4"
"city_11570","2"
"city_11574","1"
"city_11578","12"
"city_11587","2"
"city_11590","2"
"city_11592","1"
"city_11594","10"
"city_11597","1"
"city_11601","1"
"city_11602","3"
"city_11603","12"
"city_11604","3"
"city_11609","3"
"city_11656","12"
"city_11658","1"
"city_11704","1"
"city_11718","58"
"city_11720","45"
"city_11789","1"
"city_11826","1"
"city_11839","1"
"city_11851","17"
"city_11862","6"
"city_11894","134"
"city_11925","1"
"city_11929","15"
"city_11948","1"
"city_11949","1"
"city_11956","1"
"city_11980","3"
"city_12007","1"
"city_12009","1"
"city_12015","1"
"city_12018","3"
"city_12047","1"
"city_12051","2"
"city_12067","6"
"city_12073","2"
"city_12074","7"
"city_12087","1"
"city_12091","1"
"city_12103","1"
"city_12107","2"
"city_12110","1"
"city_12113","2"
"city_12120","1"
"city_12124","5"
"city_12146","2"
"city_12150","1"
"city_12162","2"
"city_12174","7"
"city_12180","4"
"city_12181","1"
"city_12182","124"
"city_12191","2"
"city_12197","2"
"city_12199","3"
"city_12219","3"
"city_12220","2"
"city_12222","1"
"city_12224","3"
"city_12225","8"
"city_12226","2"
"city_12228","2"
"city_12234","6"
"city_12235","1"
"city_12237","2"
"city_12238","3"
"city_12239","6"
"city_12240","2"
"city_12248","1"
"city_12249","1"
"city_12250","1"
"city_12251","1"
"city_12252","14"
"city_12253","2"
"city_12254","4"
"city_12255","6"
"city_12256","2"
"city_12257","3"
"city_12259","2"
"city_12260","1"
"city_12261","3"
"city_12262","1"
"city_12263","1"
"city_12264","2"
"city_12265","1"
"city_12266","2"
"city_12267","1"
"city_12269","11"
"city_12270","3"
"city_12271","3"
"city_12275","2"
"city_12276","1"
"city_12279","1"
"city_12280","1"
"city_12281","2"
"city_12282","3"
"city_12283","1"
"city_12285","2"
"city_12286","1"
"city_12287","2"
"city_12288","3"
"city_12289","1"
"city_12291","1"
"city_12292","3"
"city_12294","1"
"city_12295","1"
"city_12296","2"
"city_12298","3"
"city_12300","2"
"city_12301","10"
"city_12302","1"
"city_12303","2"
"city_12307","2"
"city_12315","1"
"city_12318","2"
"city_12323","1"
"city_12324","1"
"city_12325","1"
"city_12328","3"
"city_12331","2"
"city_12332","2"
"city_12333","1"
"city_12335","6"
"city_12336","2"
"city_12338","1"
"city_12339","1"
"city_12343","3"
"city_12344","3"
"city_12345","2"
"city_12346","5"
"city_12347","3"
"city_12348","5"
"city_12352","5"
"city_12353","6"
"city_12355","3"
"city_12356","8"
"city_12357","2"
"city_12361","2"
"city_12362","3"
"city_12364","3"
"city_12368","2"
"city_12370","1"
"city_12378","1"
"city_12381","1"
"city_12393","1"
"city_12404","2"
"city_12412","1"
"city_12414","1"
"city_12416","2"
"city_12419","2"
"city_12420","1"
"city_12424","1"
"city_12433","1"
"city_12439","1"
"city_12444","1"
"city_12447","1"
"city_12449","1"
"city_12451","2"
"city_12453","7"
"city_12466","2"
"city_12484","2"
"city_12496","1"
"city_12506","10"
"city_12517","1"
"city_12529","46"
"city_12532","4"
"city_12534","1"
"city_12554","1"
"city_12559","1"
"city_12563","1"
"city_12565","1"
"city_12569","3"
"city_12570","1"
"city_12587","1"
"city_12591","1"
"city_12602","1"
"city_12613","2"
"city_12615","1"
"city_12625","1"
"city_12630","1"
"city_12631","1"
"city_12644","1"
"city_12646","1"
"city_12650","1"
"city_12659","1"
"city_12661","1"
"city_12667","1"
"city_12676","2"
"city_12686","1"
"city_12691","1"
"city_12699","2"
"city_12701","1"
"city_12716","1"
"city_12721","1"
"city_12731","1"
"city_12736","1"
"city_12738","1"
"city_12740","1"
"city_12741","1"
"city_12743","1"
"city_12754","1"
"city_12765","2"
"city_12782","1"
"city_12783","1"
"city_12789","1"
"city_12791","1"
"city_12797","1"
"city_12802","1"
"city_12806","1"
"city_12808","1"
"city_12810","1"
"city_12817","1"
"city_12827","9"
"city_12832","1"
"city_12867","1"
"city_12868","3"
"city_12872","1"
"city_12881","1"
"city_12883","2"
"city_12884","1"
"city_12888","1"
"city_12889","1"
"city_12893","1"
"city_12895","2"
"city_12896","1"
"city_12898","2"
"city_12900","1"
"city_12901","1"
"city_12903","1"
"city_12904","1"
"city_12907","1"
"city_12913","1"
"city_12914","1"
"city_12923","2"
"city_12926","1"
"city_12928","1"
"city_12929","1"
"city_12936","1"
"city_12940","2"
"city_12942","1"
"city_12943","1"
"city_12945","1"
"city_12951","1"
"city_12952","1"
"city_12954","1"
"city_12963","1"
"city_12964","2"
"city_12967","1"
"city_12969","1"
"city_12974","1"
"city_12975","1"
"city_12985","1"
"city_12987","1"
"city_12995","1"
"city_12996","1"
"city_12997","1"
"city_13015","1"
"city_13017","1"
"city_13018","1"
"city_13023","1"
"city_13024","1"
"city_13040","1"
"city_13051","1"
"city_13052","1"
"city_13053","1"
"city_13054","1"
"city_13056","1"
"city_13057","2"
"city_13058","1"
"city_13066","1"
"city_13070","3"
"city_13073","1"
"city_13076","1"
"city_13081","1"
"city_13083","1"
"city_13085","2"
"city_13091","1"
"city_13094","1"
"city_13095","1"
"city_13099","1"
"city_13103","1"
"city_13104","1"
"city_13107","2"
"city_13108","1"
"city_13109","1"
"city_13110","1"
"city_13116","1"
"city_13122","1"
"city_13135","2"
"city_13160","3"
"city_13179","3"
"city_13202","1"
"city_13212","11"
"city_13222","2"
"city_13240","1"
"city_13241","1"
"city_13242","3"
"city_13243","1"
"city_13244","1"
"city_13245","11"
"city_13246","1"
"city_13247","1"
"city_13248","2"
"city_13249","4"
"city_13250","1"
"city_13251","4"
"city_13252","1"
"city_13253","4"
"city_13254","1"
"city_13255","2"
"city_13258","1"
"city_13259","3"
"city_13261","1"
"city_13263","2"
"city_13264","4"
"city_13265","1"
"city_13266","9"
"city_13267","1"
"city_13268","1"
"city_13269","6"
"city_13270","1"
"city_13271","1"
"city_13273","5"
"city_13274","2"
"city_13275","3"
"city_13276","14"
"city_13277","2"
"city_13278","2"
"city_13279","2"
"city_13280","1"
"city_13281","5"
"city_13282","3"
"city_13283","1"
"city_13284","4"
"city_13285","4"
"city_13286","4"
"city_13287","3"
"city_13288","1"
"city_13289","4"
"city_13290","6"
"city_13291","1"
"city_13292","3"
"city_13293","11"
"city_13294","1"
"city_13295","2"
"city_13296","2"
"city_13297","2"
"city_13299","1"
"city_13300","4"
"city_13301","3"
"city_13302","2"
"city_13304","2"
"city_13305","3"
"city_13306","1"
"city_13307","1"
"city_13309","10"
"city_13310","1"
"city_13311","1"
"city_13315","2"
"city_13316","1"
"city_13317","1"
"city_13318","2"
"city_13319","2"
"city_13320","2"
"city_13321","2"
"city_13322","1"
"city_13323","3"
"city_13325","3"
"city_13326","3"
"city_13327","3"
"city_13328","8"
"city_13329","2"
"city_13330","5"
"city_13331","4"
"city_13332","1"
"city_13333","4"
"city_13334","2"
"city_13335","3"
"city_13336","1"
"city_13337","1"
"city_13338","2"
"city_13339","1"
"city_13341","1"
"city_13342","5"
"city_13343","1"
"city_13344","2"
"city_13346","2"
"city_13347","2"
"city_13349","4"
"city_13351","1"
"city_13352","2"
"city_13353","110"
"city_13354","4"
"city_13355","1"
"city_13356","4"
"city_13357","3"
"city_13358","4"
"city_13359","1"
"city_13360","4"
"city_13361","6"
"city_13362","1"
"city_13364","1"
"city_13365","1"
"city_13366","1"
"city_13367","8"
"city_13368","21"
"city_13370","2"
"city_13371","1"
"city_13372","1"
"city_13373","1"
"city_13374","2"
"city_13375","4"
"city_13376","4"
"city_13377","1"
"city_13378","7"
"city_13379","1"
"city_13380","6"
"city_13381","1"
"city_13383","1"
"city_13384","1"
"city_13385","37"
"city_13387","161"
"city_13392","8"
"city_13393","1"
"city_13395","2"
"city_13397","7"
"city_13406","3"
"city_13409","117"
"city_13413","1"
"city_13419","2"
"city_13424","2"
"city_13428","6"
"city_13435","33"
"city_13443","20"
"city_13444","3"
"city_13445","6"
"city_13446","4"
"city_13447","5"
"city_13449","13"
"city_13450","2"
"city_13452","10"
"city_13457","1"
"city_13458","1"
"city_13459","24"
"city_13460","3"
"city_13461","8"
"city_13465","1"
"city_13468","5"
"city_13469","3"
"city_13470","1"
"city_13471","33"
"city_13473","8"
"city_13475","8"
"city_13476","1"
"city_13477","2"
"city_13478","4"
"city_13479","3"
"city_13482","1"
"city_13485","2"
"city_13486","1"
"city_13488","5"
"city_13495","1"
"city_13501","3"
"city_13503","3"
"city_13504","6"
"city_13506","2"
"city_13507","4"
"city_13509","10"
"city_13510","5"
"city_13511","4"
"city_13513","21"
"city_13514","1"
"city_13517","8"
"city_13518","3"
"city_13519","1"
"city_13521","4"
"city_13525","7"
"city_13526","1"
"city_13531","46"
"city_13532","5"
"city_13533","6"
"city_13537","7"
"city_13539","3"
"city_13540","8"
"city_13543","3"
"city_13544","1"
"city_13545","1"
"city_13548","1"
"city_13549","2"
"city_13552","2"
"city_13554","3"
"city_13556","4"
"city_13557","3"
"city_13558","1"
"city_13559","1"
"city_13560","13"
"city_13561","3"
"city_13565","2"
"city_13566","3"
"city_13567","3"
"city_13569","1"
"city_13571","1"
"city_13572","2"
"city_13573","3"
"city_13575","1"
"city_13576","2"
"city_13577","131"
"city_13579","6"
"city_13584","36"
"city_13586","2"
"city_13587","2"
"city_13588","2"
"city_13589","11"
"city_13593","2"
"city_13594","2"
"city_13595","2"
"city_13598","5"
"city_13599","2"
"city_13600","11"
"city_13601","3"
"city_13603","3"
"city_13604","2"
"city_13605","5"
"city_13607","1"
"city_13609","3"
"city_13611","3"
"city_13612","13"
"city_13613","4"
"city_13614","205"
"city_13615","3"
"city_13616","4"
"city_13617","20"
"city_13618","2"
"city_13619","6"
"city_13620","18"
"city_13622","7"
"city_13623","1"
"city_13625","1"
"city_13626","2"
"city_13627","10"
"city_13632","6"
"city_13633","3"
"city_13634","1"
"city_13635","11"
"city_13639","2"
"city_13640","2"
"city_13641","2"
"city_13642","4"
"city_13643","2"
"city_13647","2"
"city_13649","1"
"city_13651","1"
"city_13652","2"
"city_13653","3"
"city_13654","2"
"city_13656","3"
"city_13657","1"
"city_13658","7"
"city_13659","1"
"city_13661","1"
"city_13662","1"
"city_13663","4"
"city_13665","2"
"city_13666","10"
"city_13667","1"
"city_13669","2"
"city_13670","7"
"city_13671","6"
"city_13672","5"
"city_13673","2"
"city_13674","4"
"city_13675","25"
"city_13676","56"
"city_13678","26"
"city_13679","15"
"city_13680","2"
"city_13682","1"
"city_13684","2"
"city_13686","2"
"city_13687","2"
"city_13688","1"
"city_13693","1"
"city_13696","10"
"city_13697","3"
"city_13698","2"
"city_13699","4"
"city_13701","2"
"city_13702","2"
"city_13704","1"
"city_13705","3"
"city_13707","2"
"city_13709","2"
"city_13711","2"
"city_13712","3"
"city_13713","2"
"city_13714","2"
"city_13715","2"
"city_13716","10"
"city_13719","3"
"city_13720","2"
"city_13723","7"
"city_13727","4"
"city_13728","8"
"city_13730","10"
"city_13731","1"
"city_13732","7"
"city_13733","2"
"city_13734","13"
"city_13735","2"
"city_13736","1"
"city_13737","5"
"city_13738","126"
"city_13741","1"
"city_13742","2"
"city_13743","7"
"city_13748","26"
"city_13749","2"
"city_13751","6"
"city_13752","2"
"city_13753","1"
"city_13755","3"
"city_13756","13"
"city_13759","2"
"city_13760","37"
"city_13761","3"
"city_13762","2"
"city_13766","1"
"city_13768","9"
"city_13769","3"
"city_13770","6"
"city_13771","2"
"city_13772","6"
"city_13773","2"
"city_13774","1"
"city_13775","5"
"city_13777","2"
"city_13778","7"
"city_13779","8"
"city_13780","1"
"city_13781","4"
"city_13782","3"
"city_13789","2"
"city_13790","50"
"city_13791","11"
"city_13794","8"
"city_13796","4"
"city_13798","4"
"city_13799","5"
"city_13800","2"
"city_13801","13"
"city_13802","3"
"city_13803","2"
"city_13804","5"
"city_13805","2"
"city_13807","7"
"city_13808","5"
"city_13810","44"
"city_13811","39"
"city_13822","1"
"city_13825","2"
"city_13831","2"
"city_13837","1"
"city_13851","1"
"city_13868","1"
"city_13872","1"
"city_13897","2"
"city_13916","1"
"city_13921","1"
"city_13924","6"
"city_13925","4"
"city_13968","2"
"city_13979","1"
"city_13994","1"
"city_14011","1"
"city_14012","2"
"city_14016","2"
"city_14024","7"
"city_14026","1"
"city_14028","2"
"city_14029","1"
"city_14033","1"
"city_14036","1"
"city_14042","1"
"city_14043","1"
"city_14044","1"
"city_14048","3"
"city_14049","1"
"city_14053","1"
"city_14054","1"
"city_14055","1"
"city_14056","1"
"city_14062","1"
"city_14063","1"
"city_14064","1"
"city_14078","4"
"city_14080","1"
"city_14087","1"
"city_14088","1"
"city_14089","1"
"city_14092","1"
"city_14094","1"
"city_14095","1"
"city_14096","4"
"city_14099","2"
"city_14101","1"
"city_47295","10"
"city_47433","1"
"city_47598","1"
"city_47687","1"
"city_47717","6"
"city_47719","1"
"city_47726","1"
"city_47736","1"
"city_47741","2"
"city_47758","1"
"city_47766","1"
"city_47771","2"
"city_47860","1"
"city_47872","1"
"city_47885","1"
"city_47898","1"
"city_47906","1"
"city_47908","2"
"city_47920","1"
"city_47921","2"
"city_47924","2"
"city_47926","1"
"city_47927","3"
"city_47936","2"
"city_47945","2"
"city_47947","2"
"city_47951","10"
"city_47952","3"
"city_47976","1"
"city_47996","4"
"city_48000","2"
"city_48001","2"
"city_48003","2"
"city_48005","1"
"city_48006","1"
"city_48012","4"
"city_48015","3"
"city_48016","1"
"city_48017","1"
"city_48026","3"
"city_48027","1"
"city_48029","1"
"city_48030","1"
"city_48031","5"
"city_48033","2"
"city_48035","2"
"city_48036","1"
"city_48040","5"
"city_48041","2"
"city_48043","2"
"city_48045","1"
"city_48049","1"
"city_48050","2"
"city_48052","1"
"city_48053","1"
"city_48054","3"
"city_48055","2"
"city_48056","2"
"city_48057","1"
"city_48061","1"
"city_48063","2"
"city_48067","5"
"city_48072","1"
"city_48074","1"
"city_48076","1"
"city_48079","2"
"city_48081","4"
"city_48092","2"
"city_48093","2"
"city_48095","1"
"city_48098","1"
"city_48100","1"
"city_48102","1"
"city_48112","2"
"city_48115","7"
"city_48118","5"
"city_48119","12"
"city_48124","1"
"city_48126","1"
"city_48137","28"
"city_48138","4"
"city_48139","4"
"city_48153","4"
"city_48175","6"
"city_48177","3"
"city_48178","1"
"city_48181","2"
"city_48189","9"
"city_48201","1"
"city_48203","6"
"city_48205","1"
"city_48207","2"
"city_48209","1"
"city_48212","2"
"city_48213","1"
"city_48214","2"
"city_48294","1"
"city_48415","2"
"city_48417","1"
"city_48420","2"
"city_48421","1"
"city_48422","1"
"city_48424","2"
"city_48425","6"
"city_48428","1"
"city_48431","1"
"city_48432","6"
"city_48435","3"
"city_48436","1"
"city_48438","1"
"city_48439","2"
"city_48442","1"
"city_48444","5"
"city_48450","1"
"city_48456","1"
"city_48458","20"
"city_48460","1"
"city_48461","11"
"city_48465","11"
"city_48469","3"
"city_48470","1"
"city_48472","5"
"city_48473","1"
"city_48477","1"
"city_48479","15"
"city_48486","2"
"city_48487","2"
"city_48489","9"
"city_48490","2"
"city_48491","10"
"city_48493","5"
"city_48497","3"
"city_48500","3"
"city_48504","2"
"city_48505","2"
"city_48507","3"
"city_48508","10"
"city_48526","2"
"city_48535","1"
"city_48541","1"
"city_48543","1"
"city_48552","1"
"city_48576","1"
"city_48578","1"
"city_48591","2"
"city_48593","1"
"city_48594","1"
"city_48687","2"
"city_48743","2"
"city_48826","1"
"city_48881","1"
"city_48924","2"
"city_49046","1"
"city_49151","1"
"city_49176","1"
"city_49189","1"
"city_49213","1"
"city_49263","1"
"city_49266","1"
"city_49295","1"
"city_49302","1"
"city_49334","1"
"city_49354","1"
"city_49357","1"
"city_49380","1"
"city_49401","11"
"city_49406","1"
"city_49409","9"
"city_49414","6"
"city_49415","1"
"city_49416","6"
"city_49417","5"
"city_49419","1"
"city_49421","3"
"city_49425","1"
"city_49427","4"
"city_49430","1"
"city_49434","1"
"city_49435","2"
"city_49438","2"
"city_49440","1"
"city_49445","2"
"city_49449","2"
"city_49450","1"
"city_49451","1"
"city_49452","1"
"city_49453","2"
"city_49454","4"
"city_49456","1"
"city_49457","1"
"city_49458","2"
"city_49461","9"
"city_49462","1"
"city_49464","1"
"city_49466","1"
"city_49467","3"
"city_49468","1"
"city_49471","1"
"city_49474","1"
"city_49477","4"
"city_49483","1"
"city_49486","1"
"city_49501","1"
"city_49516","6"
"city_49525","5"
"city_49538","14"
"city_49549","2"
"city_49585","1"
"city_49603","1"
"city_49620","1"
"city_49627","2"
"city_49630","2"
"city_49631","2"
"city_49634","5"
"city_49635","2"
"city_49636","6"
"city_49638","1"
"city_49717","1"
"city_49725","2"
"city_49728","1"
"city_49821","1"
"city_49823","1"
"city_49824","1"
"city_49834","3"
"city_49836","2"
"city_49841","2"
"city_49854","3"
"city_49857","1"
"city_49861","2"
"city_49863","2"
"city_49869","2"
"city_49870","1"
"city_49872","1"
"city_49873","3"
"city_49876","23"
"city_49880","2"
"city_49881","1"
"city_49883","3"
"city_49885","3"
"city_49886","1"
"city_49889","1"
"city_49892","1"
"city_49922","1"
"city_49931","1"
"city_49939","3"
"city_49946","1"
"city_49949","2"
"city_49950","6"
"city_49955","1"
"city_49957","11"
"city_49958","6"
"city_49962","1"
"city_50003","2"
"city_50010","1"
"city_50012","1"
"city_50018","2"
"city_50021","1"
"city_50054","1"
"city_50062","1"
"city_50095","9"
"city_50127","1"
"city_50160","1"
"city_50168","1"
"city_50169","4"
"city_50170","1"
"city_50216","6"
"city_50218","1"
"city_50273","1"
"city_50337","1"
"city_50381","1"
"city_50396","1"
"city_50408","1"
"city_50618","1"
"city_50646","1"
"city_50691","1"
"city_50750","1"
"city_50810","3"
"city_50834","13"
"city_50841","1"
"city_50842","3"
"city_50846","5"
"city_50850","1"
"city_50866","1"
"city_50891","1"
"city_50894","6"
"city_50909","2"
"city_50918","2"
"city_50922","3"
"city_50923","4"
"city_50924","2"
"city_50925","1"
"city_50926","1"
"city_50927","2"
"city_50936","2"
"city_50995","1"
"city_50999","1"
"city_51026","1"
"city_51027","1"
"city_51041","1"
"city_51070","1"
"city_51093","1"
"city_51148","1"
"city_51149","5"
"city_51150","1"
"city_51159","9"
"city_51204","4"
"city_51231","1"
"city_51308","1"
"city_51314","22"
"city_51326","1"
"city_51327","1"
"city_51334","2"
"city_51339","2"
"city_51343","2"
"city_51346","3"
"city_51348","8"
"city_51369","2"
"city_51386","1"
"city_51398","2"
"city_51403","1"
"city_51410","2"
"city_51412","10"
"city_51413","1"
"city_51414","1"
"city_51418","4"
"educational_model_6","206"
"educational_model_10","151"
"educational_model_11","7"
"educational_model_8","31906"
"educational_model_9","1658"
"educational_model_12","220"
"educational_model_7","585"
"scope_1","22598"
"scope_2","4160"
"scope_3","7976"
"platform_94","1"
"platform_92","1"
"platform_87","1"
"platform_91","1"
"platform_93","1"
"platform_88","1"
"platform_90","1"
"platform_89","1"
"platform_95","1"
"city_51420","2"
"city_51421","9"
"city_51422","1"
"city_51423","1"
"city_51424","1"
"city_51426","1"
"city_51427","2"
"city_51428","2"
"city_51429","7"
"city_51430","2"
"city_51431","5"
"city_51432","1"
"city_51433","2"
"city_51434","1"
"city_51435","3"
"city_51436","1"
"city_51437","1"
"city_51439","1"
"platform_97","1"
"platform_99","1"
"platform_96","1"
"platform_98","1"
"platform_100","1"
"platform_101","1"
"city_51444","2"
"city_51446","1"
"city_51447","2"
"city_51448","1"
"city_51449","2"
"service_51","537"
"service_52","246"
"city_51454","2"
"activity_72","45"
"type_main_1","14805"
"type_main_2","10494"
"type_main_3","9435"
"city_51457","1"
"city_51458","1"
"openday_1","83"
"easyapply_1","7"
"fastreply_1","702"
"picture_1","1833"
"city_51459","1"
"installation_23","487"
"activity_73","192"
"city_51461","1"
"city_51462","1"
"city_51463","60"
"city_51464","1"
"city_51465","1"
"city_51468","1"
"city_51469","1"
"city_51470","4"
"installation_24","249"
"activity_74","736"
"activity_75","254"
"city_51471","1"
"city_51472","1"
"city_51473","1"
"city_51474","1"
"city_51476","2"
"city_51477","1"
"city_51478","2"
"city_51479","4"
"city_51480","1"
"city_51482","1"
"city_51483","1"
"city_51484","4"
"city_51485","2"
"city_51486","1"
"city_51487","5"
"city_51488","1"
"city_51489","8"
"city_51490","1"
"city_51491","1"
"city_51492","1"
"city_51493","1"
"city_51494","1"
"city_51495","1"
"city_51496","19"
"city_51498","1"
"city_51499","1"
"city_51500","1"
"city_51501","1"
"city_51503","1"
"city_51506","236"
"city_51507","1"
"city_51508","1"
"city_51509","6"
"city_51510","1"
"city_51512","1"
"city_51513","1"
"city_51514","1"
"city_51515","1"
"city_51516","1"
"city_51517","3"
"city_51518","1"
"city_51519","2"
"city_51521","328"
"city_51522","1"
"city_51523","4"
"city_51524","1"
"city_51525","2"
"city_51526","1"
"city_51527","1"
"city_51528","2"
"city_51529","1"
"city_51530","2"
"city_51531","1"
"city_51532","1"
"city_51533","5"
"city_51534","1"
"city_51535","1"
"city_51536","1"
"city_51537","1"
"city_51538","1"
"city_51539","1"
"city_51540","1"
"city_51541","1"
"city_51542","1"
"city_51543","1"
"city_51544","2"
"city_51545","1"
"city_51546","1"
"city_51547","2"
"city_51548","1"
"city_51549","1"
"city_51550","1"
"city_51551","1"
"city_51552","1"
"city_51553","2"
"city_51554","2"
"city_51556","2"
"city_51557","1"
"city_51558","1"
"city_51559","1"
"city_51560","1"
"city_51561","2"
"city_51562","1"
"city_51563","1"
"city_51564","1"
"city_51565","3"
"city_51566","1"
"city_51567","4"
"city_51568","1"
"city_51569","1"
"city_51571","2"
"city_51572","2"
"city_51573","2"
"city_51574","1"
"city_51575","1"
"city_51577","1"
"city_51578","1"
"city_51579","1"
"city_51580","1"
"activity_76","285"
"activity_78","227"
"activity_79","132"
"activity_80","134"
"activity_81","126"
"city_51581","1"
"city_51582","1"
"city_51584","1"
"city_51585","1"
"city_51586","1"
"city_51590","1"
"city_51591","1"
"city_51592","1"
"city_51593","1"
"city_51594","1"
"city_51595","1"
"city_51596","1"
"city_51597","1"
"city_51599","1"
"city_51603","1"
"city_51604","1"
"city_51609","1"
"city_51610","1"
"city_51611","1"
"city_51613","1"
"city_51614","1"
"city_51615","1"
"city_51617","1"
"service_53","8"
"city_51618","1"
"city_51619","1"
"city_51620","1"
"city_51622","1"
"city_51623","1"
"city_51627","1"
"city_51629","1"
"city_51630","1"
"city_51632","1"
"type_106","1"
"activity_83","9"
"service_54","18"
"city_51640","1"
